CustomerID,Gender,Age,Tenure,MonthlyCharges,TotalCharges,Contract,PaymentMethod,InternetService,TechSupport,OnlineSecurity,PaperlessBilling,SeniorCitizen,Churn
2547-RGXLP,Male,44,23,76.77,1761.32,One year,Mailed check,Fiber optic,No,No,Yes,0,Yes
1973-IEIVA,Female,71,66,42.71,2820.08,Month-to-month,Electronic check,DSL,Yes,No,Yes,1,Yes
4182-FMIRT,Male,78,41,94.64,3883.63,One year,Electronic check,Fiber optic,Yes,No,No,0,Yes
5467-TCMIZ,Male,59,56,115.28,6459.62,One year,Electronic check,Fiber optic,No,No,Yes,0,Yes
3323-KMLXA,Male,59,72,50.93,3669.65,One year,Bank transfer (automatic),DSL,Yes,Yes,Yes,0,No
7249-XJPIE,Female,20,66,114.66,7567.09,One year,Credit card (automatic),Fiber optic,No,No,Yes,0,Yes
6075-DHKUY,Female,26,31,63.85,1975.02,Month-to-month,Bank transfer (automatic),DSL,Yes,No,Yes,0,Yes
7894-JUSXH,Female,32,35,73.7,2581.18,One year,Electronic check,DSL,No,No,No,0,No
3959-MAUKM,Male,72,36,51.16,1841.14,One year,Bank transfer (automatic),DSL,No,No,Yes,1,Yes
3251-TPBYE,Male,67,39,19.58,762.34,Month-to-month,Mailed check,No,No internet service,No internet service,Yes,1,Yes
4775-TSDKT,Female,28,72,63.12,4544.35,Month-to-month,Mailed check,DSL,No,Yes,Yes,0,Yes
2300-IWTXO,Male,31,9,22.01,194.65,Month-to-month,Bank transfer (automatic),No,No internet service,No internet service,No,0,No
3998-FWJNC,Male,42,12,93.03,1113.4,Month-to-month,Electronic check,Fiber optic,Yes,Yes,Yes,0,Yes
1239-LKRDD,Male,54,56,84.79,4749.61,Month-to-month,Electronic check,Fiber optic,No,No,No,0,Yes
5947-UPOFZ,Male,61,48,100.87,4841.17,Two year,Credit card (automatic),Fiber optic,No,Yes,No,0,No
9124-FYTGY,Female,23,13,100.78,1311.05,Month-to-month,Electronic check,Fiber optic,No,Yes,Yes,0,Yes
7373-OHFEU,Male,27,9,91.36,821.23,Month-to-month,Credit card (automatic),Fiber optic,No,No,Yes,0,No
2699-PCDSZ,Female,75,52,48.46,2517.73,Month-to-month,Credit card (automatic),DSL,No,No,No,0,No
5142-DOFWW,Female,76,66,19.81,1303.64,Month-to-month,Electronic check,No,No internet service,No internet service,Yes,1,No
5474-VRXLE,Female,22,36,23.89,859.32,Month-to-month,Credit card (automatic),No,No internet service,No internet service,Yes,0,No
9903-ULFRW,Female,76,46,48.24,2219.64,Month-to-month,Bank transfer (automatic),DSL,Yes,No,No,1,No
3265-SNGDY,Female,59,23,89.45,2053.76,Two year,Electronic check,Fiber optic,Yes,No,No,0,No
5750-RXUNP,Female,65,51,93.31,4758.9,Month-to-month,Mailed check,Fiber optic,No,No,Yes,1,Yes
7065-YUAUP,Female,79,21,105.9,2227.76,Month-to-month,Electronic check,Fiber optic,No,Yes,No,1,Yes
7453-LINBY,Female,18,12,52.51,625.6,One year,Mailed check,DSL,Yes,Yes,No,0,No
8972-GJUDL,Female,23,22,63.26,1392.73,One year,Bank transfer (automatic),DSL,No,No,No,0,Yes
7273-PEEES,Male,40,19,83.75,1592.32,Two year,Bank transfer (automatic),Fiber optic,No,No,No,1,No
7963-ORXOU,Female,47,25,86.09,2149.16,Two year,Electronic check,Fiber optic,No,Yes,No,0,Yes
1144-GHUKK,Female,64,56,70.02,3917.35,Month-to-month,Electronic check,DSL,No,Yes,No,0,No
7240-XLSHN,Female,68,68,108.59,7388.53,Month-to-month,Electronic check,Fiber optic,No,Yes,No,1,Yes
8865-XWVMC,Male,69,38,55.27,2095.73,Month-to-month,Electronic check,DSL,No,No,No,1,Yes
7376-WRBZZ,Female,41,72,117.42,8454.81,Month-to-month,Credit card (automatic),Fiber optic,No,Yes,Yes,0,Yes
1591-ZGKWZ,Female,27,67,20.09,1349.19,One year,Bank transfer (automatic),No,No internet service,No internet service,Yes,0,No
9084-ZBOWH,Male,22,71,58.72,4165.59,Month-to-month,Bank transfer (automatic),DSL,Yes,Yes,Yes,0,No
4579-IQAMI,Female,21,64,51.32,3283.4,Month-to-month,Electronic check,DSL,No,Yes,Yes,0,No
9551-QGNHH,Male,41,20,18.91,376.44,Two year,Credit card (automatic),No,No internet service,No internet service,No,0,No
2561-LILMP,Female,75,3,44.56,136.32,One year,Electronic check,DSL,Yes,Yes,No,1,No
2393-SPWFC,Male,61,1,113.25,113.25,Two year,Electronic check,Fiber optic,Yes,No,Yes,0,Yes
2025-CFZDK,Female,65,2,43.56,83.13,One year,Bank transfer (automatic),DSL,Yes,No,Yes,1,No
4941-MSMRP,Male,33,50,51.71,2580.68,Two year,Electronic check,DSL,Yes,No,Yes,0,No
6205-DXJDI,Female,18,31,73.43,2281.21,Month-to-month,Electronic check,DSL,No,No,Yes,0,Yes
6814-YHWVR,Female,35,67,55.12,3695.53,One year,Electronic check,DSL,No,No,Yes,0,No
1245-XERST,Male,30,21,62.68,1320.27,Month-to-month,Credit card (automatic),DSL,No,Yes,No,0,Yes
7738-HDCMZ,Male,66,56,24.22,1361.23,Month-to-month,Electronic check,No,No internet service,No internet service,No,0,No
8621-VJCWF,Female,75,70,111.57,7812.04,Two year,Credit card (automatic),Fiber optic,Yes,No,No,1,No
8544-ZOKLB,Male,58,70,109.45,7657.48,Month-to-month,Mailed check,Fiber optic,No,Yes,Yes,0,Yes
7059-USDOP,Female,63,9,97.23,871.99,Month-to-month,Electronic check,Fiber optic,No,No,Yes,0,Yes
6104-RHZOG,Female,53,51,56.36,2869.71,One year,Mailed check,DSL,No,No,Yes,0,No
1697-VGWPP,Male,25,51,49.35,2512.65,Month-to-month,Bank transfer (automatic),DSL,No,No,Yes,0,No
1437-MCHAX,Female,63,60,60.35,3616.57,Month-to-month,Credit card (automatic),DSL,Yes,No,Yes,0,No
3544-VOQUB,Female,27,57,77.6,4419.04,Month-to-month,Electronic check,Fiber optic,Yes,No,No,0,Yes
5505-NAAJK,Male,41,52,20.26,1053.48,Month-to-month,Credit card (automatic),No,No internet service,No internet service,Yes,0,No
7735-XWOOH,Female,75,20,48.0,960.31,One year,Credit card (automatic),DSL,No,No,Yes,0,Yes
7983-YJEQX,Female,65,55,22.64,1241.94,One year,Electronic check,No,No internet service,No internet service,Yes,1,No
7624-DMHJX,Male,76,6,24.79,148.87,One year,Credit card (automatic),No,No internet service,No internet service,No,0,No
5319-HZHAY,Female,65,24,71.41,1709.52,One year,Electronic check,DSL,Yes,Yes,No,1,Yes
3124-TPEFN,Female,23,25,77.41,1933.15,Month-to-month,Mailed check,Fiber optic,No,No,Yes,0,Yes
2467-UHIRJ,Male,29,60,48.91,2936.14,Month-to-month,Bank transfer (automatic),DSL,Yes,Yes,Yes,1,No
3657-GZZIR,Female,48,29,107.86,3126.62,Month-to-month,Electronic check,Fiber optic,Yes,No,No,0,Yes
1672-TBHIP,Female,41,22,43.07,944.98,Month-to-month,Mailed check,DSL,Yes,No,No,0,Yes
8878-PSQBI,Male,18,41,19.26,786.44,One year,Electronic check,No,No internet service,No internet service,Yes,0,No
9018-CYFOT,Female,28,64,74.98,4793.92,One year,Credit card (automatic),DSL,No,No,No,0,No
7548-XTTUR,Female,56,30,65.12,1957.86,Two year,Electronic check,DSL,Yes,No,Yes,0,No
7336-ZMETR,Male,73,42,111.93,4696.4,Month-to-month,Mailed check,Fiber optic,No,No,No,1,Yes
9101-YVJFF,Female,37,7,18.79,131.11,Month-to-month,Credit card (automatic),No,No internet service,No internet service,Yes,0,No
8608-DPIKH,Male,79,45,61.91,2783.64,Month-to-month,Mailed check,DSL,No,No,No,1,No
5645-OHBZE,Male,51,56,24.96,1393.08,Month-to-month,Mailed check,No,No internet service,No internet service,Yes,0,No
4115-CZDXG,Male,36,39,57.63,2250.95,Month-to-month,Electronic check,DSL,Yes,No,No,0,No
1553-DIYDL,Male,52,46,83.01,3819.64,Month-to-month,Electronic check,Fiber optic,No,No,No,0,No
9773-MVUJP,Female,18,36,50.62,1826.5,Month-to-month,Credit card (automatic),DSL,No,No,Yes,0,No
1905-FBTWN,Male,24,2,82.22,161.74,Month-to-month,Bank transfer (automatic),Fiber optic,No,No,No,0,Yes
2830-PKUID,Female,39,41,74.75,3063.64,Month-to-month,Electronic check,DSL,Yes,No,No,0,Yes
5696-IPJYZ,Female,26,45,87.75,3948.45,Month-to-month,Bank transfer (automatic),Fiber optic,Yes,Yes,Yes,0,Yes
2651-LQFKC,Male,58,8,56.23,451.55,Month-to-month,Electronic check,DSL,Yes,Yes,Yes,0,Yes
6757-SCYOO,Male,79,42,67.07,2819.86,Month-to-month,Bank transfer (automatic),DSL,No,Yes,No,1,Yes
5277-OOEVG,Male,21,13,48.32,625.7,One year,Credit card (automatic),DSL,No,Yes,No,0,No
3474-UYPYB,Female,51,16,18.8,296.0,One year,Bank transfer (automatic),No,No internet service,No internet service,No,0,No
4805-OFXCQ,Male,41,59,110.56,6518.72,Two year,Mailed check,Fiber optic,Yes,No,No,0,No
4441-ZDZJI,Female,31,21,23.9,504.46,Month-to-month,Electronic check,No,No internet service,No internet service,Yes,0,No
2601-ZGBQR,Male,19,62,56.22,3485.35,Month-to-month,Bank transfer (automatic),DSL,No,No,No,0,No
5265-LWPTF,Female,47,68,22.39,1527.44,Month-to-month,Electronic check,No,No internet service,No internet service,No,0,Yes
9577-NQXGF,Male,58,31,105.53,3267.65,Two year,Electronic check,Fiber optic,Yes,No,Yes,1,No
3819-JMAXK,Male,18,63,58.57,3692.38,Month-to-month,Electronic check,DSL,No,Yes,Yes,0,No
5079-BADYW,Female,62,15,69.52,1047.46,Month-to-month,Credit card (automatic),DSL,Yes,Yes,No,0,No
4494-YZZJN,Female,44,4,90.85,363.73,Month-to-month,Bank transfer (automatic),Fiber optic,Yes,No,No,0,Yes
6039-XCRSW,Female,18,26,18.92,488.25,One year,Mailed check,No,No internet service,No internet service,Yes,0,No
7686-EWBTI,Female,47,19,53.77,1019.7,Month-to-month,Credit card (automatic),DSL,No,No,Yes,0,Yes
5460-FAMCH,Male,51,30,24.75,738.9,Two year,Credit card (automatic),No,No internet service,No internet service,Yes,0,No
1101-MWRMC,Male,37,42,66.51,2789.79,Two year,Electronic check,DSL,Yes,No,Yes,1,No
3987-HKCJF,Female,35,57,106.18,6048.15,Month-to-month,Mailed check,Fiber optic,Yes,No,Yes,0,No
7426-CWPOO,Female,41,6,23.63,139.65,Two year,Credit card (automatic),No,No internet service,No internet service,Yes,0,No
5916-KWDWE,Female,23,39,74.34,2900.69,Month-to-month,Electronic check,DSL,No,No,No,0,No
2065-SFNSP,Male,68,49,94.41,4622.99,Month-to-month,Bank transfer (automatic),Fiber optic,No,No,No,1,Yes
7264-CBUJX,Male,51,31,86.95,2699.55,Month-to-month,Mailed check,Fiber optic,No,No,No,0,Yes
9616-NGQGX,Female,39,3,46.78,138.16,One year,Mailed check,DSL,Yes,No,No,0,No
7460-OVVQT,Female,34,5,61.34,310.26,One year,Electronic check,DSL,No,No,Yes,0,Yes
3522-JUOXK,Female,43,12,59.92,719.48,Month-to-month,Bank transfer (automatic),DSL,Yes,Yes,No,1,No
9633-KWDIF,Female,37,3,92.22,271.92,Month-to-month,Mailed check,Fiber optic,No,No,Yes,0,No
6807-GHVFI,Female,59,10,80.08,796.95,Month-to-month,Mailed check,Fiber optic,Yes,No,Yes,0,Yes
3874-MGFSI,Male,32,14,115.42,1619.19,Month-to-month,Electronic check,Fiber optic,No,No,Yes,0,Yes
2259-NPVKM,Female,44,37,102.6,3795.2,One year,Credit card (automatic),Fiber optic,No,No,No,0,No
9998-JWCYQ,Male,23,6,74.35,448.77,One year,Credit card (automatic),DSL,No,Yes,No,0,No
4933-QFHJI,Female,73,57,103.99,5923.76,Two year,Mailed check,Fiber optic,No,Yes,No,0,No
4272-IWTNK,Female,41,17,106.64,1809.0,Month-to-month,Mailed check,Fiber optic,No,No,Yes,0,Yes
9294-NQURW,Male,78,37,76.71,2839.96,Month-to-month,Mailed check,Fiber optic,No,Yes,Yes,1,Yes
2584-CCSOG,Female,70,57,55.67,3175.62,One year,Mailed check,DSL,Yes,No,No,1,No
3984-FCEGU,Female,76,12,46.02,553.85,Two year,Bank transfer (automatic),DSL,Yes,Yes,No,1,No
7674-CXXXN,Female,68,44,49.49,2180.76,One year,Electronic check,DSL,No,Yes,No,1,Yes
7336-GZHBT,Male,62,46,99.76,4593.95,Two year,Electronic check,Fiber optic,No,No,No,0,No
9722-ABKWC,Male,51,2,101.78,204.34,Two year,Mailed check,Fiber optic,No,No,Yes,0,Yes
5175-KHBSN,Male,46,35,78.93,2759.22,One year,Bank transfer (automatic),Fiber optic,Yes,No,Yes,0,No
2540-KHBFD,Male,63,18,62.85,1136.16,One year,Electronic check,DSL,Yes,No,Yes,0,Yes
1562-CTOMY,Female,73,4,43.36,175.98,One year,Electronic check,DSL,No,Yes,Yes,1,No
1013-SEEZW,Male,67,22,93.86,2064.32,Two year,Bank transfer (automatic),Fiber optic,No,No,Yes,0,Yes
8943-KCTTE,Female,26,40,48.79,1952.6,Month-to-month,Mailed check,DSL,Yes,Yes,Yes,0,No
5976-ZQBTC,Female,27,65,78.67,5114.35,One year,Credit card (automatic),Fiber optic,Yes,No,Yes,0,No
5169-FBYUR,Male,37,21,70.38,1480.89,Month-to-month,Mailed check,Fiber optic,Yes,Yes,No,0,Yes
3416-VVBJM,Male,33,10,89.84,894.63,One year,Mailed check,Fiber optic,No,Yes,Yes,0,Yes
2312-FMTBM,Female,63,14,105.09,1466.75,One year,Bank transfer (automatic),Fiber optic,No,No,Yes,0,Yes
7128-JVUWN,Male,21,71,111.61,7920.67,One year,Credit card (automatic),Fiber optic,No,No,Yes,0,No
9419-EUTXY,Male,42,38,55.19,2095.37,Month-to-month,Electronic check,DSL,No,Yes,No,0,Yes
6882-JHLOH,Male,74,13,66.57,863.18,Two year,Electronic check,DSL,No,Yes,Yes,1,No
9540-CWRFS,Male,53,46,115.72,5319.43,Month-to-month,Electronic check,Fiber optic,Yes,No,Yes,0,No
3542-LTZAI,Female,25,47,57.82,2718.41,Month-to-month,Mailed check,DSL,No,Yes,No,0,Yes
2530-FRWKR,Female,77,11,97.21,1067.68,Month-to-month,Bank transfer (automatic),Fiber optic,No,No,Yes,1,Yes
1772-FRJUG,Male,78,67,51.33,3436.34,One year,Electronic check,DSL,No,Yes,No,1,No
7038-NOKBN,Female,19,55,66.2,3638.55,Month-to-month,Electronic check,DSL,No,No,Yes,0,Yes
4520-RUCVU,Male,50,65,54.9,3566.54,Two year,Credit card (automatic),DSL,No,No,No,0,No
7438-RTYVG,Male,50,3,102.4,308.08,One year,Electronic check,Fiber optic,No,Yes,Yes,0,Yes
2332-KATNW,Female,47,25,58.53,1468.11,One year,Mailed check,DSL,No,No,Yes,0,No
1517-GGJBH,Male,26,2,95.36,191.79,Month-to-month,Electronic check,Fiber optic,No,Yes,No,0,Yes
9666-OVHPW,Female,71,52,94.19,4901.13,Month-to-month,Credit card (automatic),Fiber optic,Yes,No,Yes,1,Yes
4702-YAJYT,Male,36,27,68.19,1836.38,Month-to-month,Electronic check,DSL,No,No,No,0,No
2154-WTHNY,Female,28,11,86.7,952.96,Month-to-month,Mailed check,Fiber optic,Yes,No,Yes,0,Yes
9620-PLGEM,Female,20,36,23.26,836.51,One year,Electronic check,No,No internet service,No internet service,No,0,No
6517-VOLUG,Male,37,50,41.33,2067.31,One year,Electronic check,DSL,No,No,No,0,No
7072-TPLBB,Male,74,28,20.58,571.8,One year,Bank transfer (automatic),No,No internet service,No internet service,Yes,1,No
9808-MLPDH,Male,33,26,107.9,2801.55,Month-to-month,Mailed check,Fiber optic,No,Yes,Yes,0,Yes
6230-NGYDT,Female,44,31,114.32,3545.27,Month-to-month,Bank transfer (automatic),Fiber optic,No,No,Yes,0,Yes
2326-IJNTY,Female,35,53,71.78,3805.94,Two year,Electronic check,DSL,Yes,Yes,Yes,0,Yes
3949-BPPZU,Female,63,34,61.06,2075.92,One year,Mailed check,DSL,Yes,Yes,No,0,No
3091-OEXSM,Female,64,24,109.36,2621.97,Month-to-month,Mailed check,Fiber optic,No,No,Yes,0,Yes
2605-JJOPD,Female,41,27,80.29,2169.56,One year,Credit card (automatic),Fiber optic,Yes,Yes,Yes,0,No
5266-UYIZI,Female,56,45,71.38,3215.73,Month-to-month,Credit card (automatic),DSL,No,No,No,0,No
2390-BBIOF,Female,23,38,52.84,2012.16,Month-to-month,Electronic check,DSL,No,No,Yes,0,No
9656-RBOTV,Female,68,40,105.55,4226.14,Month-to-month,Credit card (automatic),Fiber optic,No,Yes,No,1,Yes
7116-AUGML,Female,65,34,99.73,3386.43,Two year,Credit card (automatic),Fiber optic,No,No,Yes,1,No
5446-IENYS,Female,60,9,22.62,201.55,One year,Mailed check,No,No internet service,No internet service,No,0,No
9563-UJPKG,Female,67,51,86.97,4436.27,Month-to-month,Bank transfer (automatic),Fiber optic,No,Yes,Yes,0,No
1858-BZOAW,Female,48,8,89.96,721.4,One year,Bank transfer (automatic),Fiber optic,No,No,Yes,0,No
9095-WDUJK,Male,48,12,117.21,1407.98,Month-to-month,Credit card (automatic),Fiber optic,No,Yes,No,0,Yes
7657-PLGBK,Male,41,26,24.04,623.71,Two year,Bank transfer (automatic),No,No internet service,No internet service,Yes,1,No
7754-LARDL,Male,38,59,59.74,3524.75,Month-to-month,Electronic check,DSL,No,Yes,Yes,0,No
3526-HQQZK,Male,73,39,44.84,1750.99,Month-to-month,Electronic check,DSL,No,No,No,0,Yes
3992-WBGUY,Female,59,67,99.24,6653.06,One year,Electronic check,Fiber optic,No,No,Yes,0,No
5203-OHHTL,Female,45,51,82.75,4215.82,Month-to-month,Electronic check,Fiber optic,No,No,No,0,Yes
3289-RHPXH,Male,62,31,101.41,3144.71,Month-to-month,Electronic check,Fiber optic,No,Yes,Yes,0,Yes
5701-QMUPI,Female,68,5,116.08,584.41,Month-to-month,Bank transfer (automatic),Fiber optic,Yes,No,Yes,1,Yes
8743-VOQWW,Female,42,62,18.98,1173.52,Month-to-month,Bank transfer (automatic),No,No internet service,No internet service,No,0,No
6382-KMPXQ,Male,54,67,78.31,5244.06,Two year,Mailed check,Fiber optic,Yes,Yes,Yes,0,No
3458-PKBVC,Female,60,19,81.02,1542.45,Two year,Electronic check,Fiber optic,No,No,No,0,No
3714-TRWKP,Male,34,39,41.68,1628.96,Month-to-month,Electronic check,DSL,No,Yes,Yes,0,Yes
2053-OCJKW,Female,68,70,40.87,2862.43,One year,Mailed check,DSL,No,No,No,1,No
6231-NYMAV,Male,62,70,43.02,3012.92,Two year,Electronic check,DSL,No,No,Yes,0,No
2092-CUXOZ,Male,34,51,43.4,2210.01,Month-to-month,Bank transfer (automatic),DSL,No,No,No,0,No
1272-ZPVGB,Female,53,50,55.21,2758.12,One year,Electronic check,DSL,No,No,No,0,No
3735-SYHXO,Female,36,53,118.1,6262.48,Month-to-month,Electronic check,Fiber optic,No,Yes,No,1,Yes
6951-OVHEB,Male,23,64,69.25,4427.75,Month-to-month,Electronic check,DSL,Yes,No,Yes,0,No
3921-QCOCN,Male,25,71,112.08,7958.73,Month-to-month,Electronic check,Fiber optic,No,No,Yes,0,No
3123-VRTIX,Male,40,15,59.15,883.99,One year,Electronic check,DSL,No,No,No,0,Yes
4508-PRCYX,Female,64,59,59.23,3490.3,One year,Bank transfer (automatic),DSL,Yes,No,No,0,No
7297-AZYXS,Male,44,39,18.55,718.54,Month-to-month,Bank transfer (automatic),No,No internet service,No internet service,Yes,0,No
4744-NKMWQ,Male,52,47,84.46,3969.82,Month-to-month,Electronic check,Fiber optic,No,Yes,No,0,Yes
7778-SDENH,Male,52,56,97.87,5480.63,Month-to-month,Electronic check,Fiber optic,No,No,No,1,Yes
5692-VMNRZ,Female,65,70,55.09,3856.65,Month-to-month,Electronic check,DSL,No,No,No,0,Yes
2224-CEFPK,Female,31,36,19.49,702.18,Two year,Mailed check,No,No internet service,No internet service,Yes,0,No
1978-LCSNY,Male,73,18,88.97,1603.05,Month-to-month,Electronic check,Fiber optic,No,Yes,Yes,0,No
7229-CQLZO,Female,34,15,109.14,1637.52,Two year,Electronic check,Fiber optic,No,No,No,0,No
6554-FMSVG,Female,72,40,94.32,3777.18,One year,Credit card (automatic),Fiber optic,No,Yes,Yes,1,Yes
4201-FKCQD,Female,21,69,20.21,1395.33,Month-to-month,Bank transfer (automatic),No,No internet service,No internet service,Yes,0,No
3453-BDXME,Female,63,62,108.85,6745.11,Month-to-month,Bank transfer (automatic),Fiber optic,Yes,No,No,1,No
7768-YSLGM,Female,64,33,18.6,617.2,One year,Electronic check,No,No internet service,No internet service,Yes,0,No
3566-APSGL,Female,34,35,55.34,1936.18,Month-to-month,Electronic check,DSL,No,Yes,Yes,0,No
4120-YPSZV,Female,26,35,100.9,3529.49,Month-to-month,Electronic check,Fiber optic,No,Yes,Yes,0,Yes
3794-FNVPF,Female,56,17,96.67,1648.39,Month-to-month,Credit card (automatic),Fiber optic,No,No,No,0,Yes
7457-MKAZU,Female,41,62,51.75,3206.75,Month-to-month,Mailed check,DSL,Yes,Yes,Yes,0,No
8574-ZQUKS,Male,74,56,67.52,3778.44,Month-to-month,Electronic check,DSL,Yes,No,Yes,0,No
7479-XBKGW,Female,38,11,88.71,978.88,Month-to-month,Electronic check,Fiber optic,Yes,No,No,0,Yes
6926-TCJZU,Male,36,63,70.08,4418.28,One year,Electronic check,Fiber optic,No,Yes,No,1,No
9663-MPEVF,Female,47,8,73.85,588.24,One year,Electronic check,Fiber optic,Yes,Yes,Yes,0,No
2318-RRRFM,Female,38,58,115.4,6694.07,Month-to-month,Bank transfer (automatic),Fiber optic,No,Yes,No,0,Yes
7349-AFBLI,Female,55,64,46.64,2983.26,Two year,Electronic check,DSL,Yes,Yes,Yes,0,No
8399-PLEFH,Male,51,44,84.63,3724.35,One year,Mailed check,Fiber optic,Yes,No,Yes,0,No
2974-JYOFU,Female,54,9,72.62,653.21,Month-to-month,Bank transfer (automatic),Fiber optic,No,Yes,Yes,0,No
7655-UPWOI,Male,59,7,77.55,541.49,Month-to-month,Bank transfer (automatic),Fiber optic,No,No,Yes,0,Yes
8221-RZPPP,Male,76,15,78.4,1180.68,One year,Electronic check,Fiber optic,Yes,Yes,Yes,1,No
5266-QGMXM,Female,36,6,80.04,480.9,Month-to-month,Credit card (automatic),Fiber optic,No,No,No,0,Yes
7649-KJJBX,Male,60,63,89.55,5640.32,Month-to-month,Mailed check,Fiber optic,Yes,No,No,0,Yes
6058-ABLTK,Male,37,55,22.59,1244.16,Month-to-month,Mailed check,No,No internet service,No internet service,No,1,No
6147-YXQBG,Female,37,31,117.51,3641.54,One year,Electronic check,Fiber optic,No,Yes,Yes,0,Yes
4661-GALON,Male,38,12,113.29,1364.0,Month-to-month,Electronic check,Fiber optic,No,No,No,0,Yes
4166-EMZJF,Female,24,64,111.12,7107.37,One year,Mailed check,Fiber optic,Yes,No,No,0,No
9827-PFGHD,Female,27,18,85.64,1545.85,Month-to-month,Electronic check,Fiber optic,No,No,Yes,0,Yes
9743-UJMTY,Female,32,9,83.32,745.93,Month-to-month,Bank transfer (automatic),Fiber optic,Yes,No,Yes,0,Yes
5656-LYKAL,Female,43,12,19.17,228.02,Month-to-month,Electronic check,No,No internet service,No internet service,Yes,0,Yes
6875-OMJAW,Female,46,23,99.38,2285.73,Month-to-month,Bank transfer (automatic),Fiber optic,No,No,Yes,0,Yes
5224-PQOZS,Male,56,51,42.1,2148.39,Month-to-month,Credit card (automatic),DSL,No,Yes,Yes,0,Yes
7135-GPVSC,Male,75,32,91.75,2937.99,Two year,Electronic check,Fiber optic,Yes,No,No,1,Yes
6406-FBPIB,Male,22,24,48.68,1173.14,One year,Credit card (automatic),DSL,No,No,No,0,No
8231-KCJOP,Male,47,51,46.48,2366.26,Month-to-month,Mailed check,DSL,Yes,No,No,0,Yes
5797-BZXZJ,Male,49,57,19.41,1107.37,Month-to-month,Bank transfer (automatic),No,No internet service,No internet service,No,0,No
1816-OYBAD,Male,37,22,116.2,2555.22,One year,Credit card (automatic),Fiber optic,Yes,No,Yes,0,Yes
7457-QDZVV,Male,72,69,20.34,1401.48,Two year,Electronic check,No,No internet service,No internet service,Yes,1,No
4261-IKWSQ,Female,72,56,19.54,1093.48,Month-to-month,Electronic check,No,No internet service,No internet service,Yes,1,Yes
3774-GUADQ,Female,68,5,92.61,467.62,Month-to-month,Electronic check,Fiber optic,No,No,No,1,Yes
2553-GNVRQ,Male,58,5,75.31,375.75,Month-to-month,Electronic check,Fiber optic,No,Yes,No,0,Yes
5104-YFNLS,Female,50,43,70.74,3043.77,One year,Bank transfer (automatic),DSL,No,No,No,0,No
5951-UQHAJ,Female,27,50,95.88,4796.23,Two year,Mailed check,Fiber optic,No,No,No,0,No
6537-YFPJV,Female,74,36,92.62,3334.91,One year,Bank transfer (automatic),Fiber optic,Yes,No,No,1,No
1475-DPXXS,Female,57,37,112.07,4147.66,Month-to-month,Bank transfer (automatic),Fiber optic,No,No,Yes,0,Yes
2778-VIRRX,Male,21,14,71.46,997.95,Month-to-month,Electronic check,DSL,Yes,No,Yes,0,Yes
9708-DKMPK,Male,19,55,95.26,5242.7,Month-to-month,Electronic check,Fiber optic,Yes,No,Yes,0,Yes
8670-EHDBX,Male,29,38,81.93,3117.93,One year,Mailed check,Fiber optic,No,Yes,No,0,No
2078-HZYEM,Male,43,23,100.29,2304.85,One year,Electronic check,Fiber optic,Yes,No,Yes,0,No
4030-PYZKK,Female,62,32,97.44,3114.1,Month-to-month,Electronic check,Fiber optic,No,No,Yes,0,Yes
9394-JXOUC,Female,48,39,19.56,758.64,Month-to-month,Bank transfer (automatic),No,No internet service,No internet service,No,0,Yes
5063-HBVMZ,Male,71,19,73.34,1394.09,Month-to-month,Mailed check,DSL,No,No,Yes,1,Yes
8367-DTBZF,Male,69,57,47.89,2725.38,One year,Electronic check,DSL,No,No,Yes,1,Yes
3245-PVFFV,Female,74,18,62.93,1130.73,Month-to-month,Electronic check,DSL,Yes,No,No,1,Yes
8077-ENXII,Male,79,9,19.62,172.11,Month-to-month,Credit card (automatic),No,No internet service,No internet service,Yes,1,Yes
3833-LAPXR,Female,78,12,112.66,1356.13,Month-to-month,Electronic check,Fiber optic,Yes,No,No,1,Yes
5859-QSXJA,Female,67,7,24.73,172.95,Two year,Credit card (automatic),No,No internet service,No internet service,Yes,1,No
5059-NVOIC,Male,64,47,113.41,5329.92,Month-to-month,Credit card (automatic),Fiber optic,No,Yes,Yes,0,No
1208-SPMTV,Male,42,37,61.04,2258.57,Two year,Bank transfer (automatic),DSL,Yes,No,No,0,No
6729-SCZBN,Male,58,69,23.71,1640.95,One year,Credit card (automatic),No,No internet service,No internet service,Yes,0,No
6082-ITRMT,Female,52,58,24.36,1408.7,Month-to-month,Bank transfer (automatic),No,No internet service,No internet service,Yes,0,No
5875-DDTQA,Female,44,10,42.29,427.82,Month-to-month,Electronic check,DSL,No,No,Yes,0,Yes
5666-YKTLY,Male,49,63,91.54,5766.25,One year,Electronic check,Fiber optic,No,Yes,Yes,0,No
5759-OWMVS,Male,57,31,19.2,598.69,Month-to-month,Electronic check,No,No internet service,No internet service,Yes,0,Yes
4435-KDYKV,Female,33,15,110.68,1657.79,Month-to-month,Electronic check,Fiber optic,No,No,Yes,0,Yes
1460-QMWXU,Female,45,17,41.2,696.38,Month-to-month,Credit card (automatic),DSL,No,No,Yes,0,No
8980-DDAER,Male,25,24,76.85,1848.11,Month-to-month,Electronic check,Fiber optic,Yes,No,No,0,Yes
3812-LZWCI,Male,46,37,63.84,2363.01,Month-to-month,Bank transfer (automatic),DSL,No,No,Yes,0,No
1029-LFCAM,Male,19,34,57.42,1953.18,Month-to-month,Electronic check,DSL,Yes,Yes,Yes,0,No
8136-XFRIP,Male,52,6,101.99,614.82,Two year,Mailed check,Fiber optic,No,No,Yes,0,No
2512-SNMEZ,Male,30,59,92.19,5440.87,Month-to-month,Credit card (automatic),Fiber optic,Yes,Yes,No,0,No
3960-TQQCW,Female,19,45,107.47,4840.7,One year,Credit card (automatic),Fiber optic,No,No,No,0,Yes
4303-UNIMU,Male,50,12,64.99,777.38,Month-to-month,Electronic check,DSL,No,No,No,0,Yes
3064-NSWJS,Male,19,23,112.01,2579.28,Month-to-month,Electronic check,Fiber optic,No,No,No,0,Yes
8885-AXOYN,Male,26,22,80.09,1757.08,One year,Credit card (automatic),Fiber optic,No,No,Yes,0,Yes
5507-TSYTO,Female,48,29,78.62,2278.6,Month-to-month,Credit card (automatic),Fiber optic,Yes,Yes,No,0,Yes
3208-YTBDF,Female,36,30,70.47,2112.25,Month-to-month,Electronic check,DSL,No,Yes,No,0,Yes
3346-KMUHE,Male,25,22,67.4,1478.39,Two year,Electronic check,DSL,Yes,Yes,Yes,0,No
7999-JRWEJ,Female,32,24,52.19,1249.16,One year,Bank transfer (automatic),DSL,No,Yes,No,0,No
5566-QRLNB,Female,58,70,23.74,1657.67,Two year,Mailed check,No,No internet service,No internet service,Yes,0,No
5695-CTFXZ,Female,68,32,42.07,1342.34,Two year,Credit card (automatic),DSL,Yes,No,No,1,No
4046-XWZMN,Male,73,57,82.53,4704.13,Two year,Electronic check,Fiber optic,No,No,Yes,1,No
8199-NLZFW,Female,62,35,42.47,1483.29,Month-to-month,Bank transfer (automatic),DSL,No,No,No,0,Yes
7550-AQFYD,Male,61,42,114.4,4806.19,Month-to-month,Bank transfer (automatic),Fiber optic,Yes,Yes,Yes,0,Yes
1084-QJLPV,Male,75,3,23.27,69.05,One year,Mailed check,No,No internet service,No internet service,Yes,1,Yes
3590-FARZG,Female,46,41,45.73,1872.01,Month-to-month,Bank transfer (automatic),DSL,Yes,No,Yes,0,Yes
1796-FAIXB,Male,39,61,98.2,5987.73,One year,Electronic check,Fiber optic,No,Yes,Yes,0,Yes
8697-PXENT,Male,36,66,61.26,4045.51,Month-to-month,Electronic check,DSL,Yes,No,Yes,0,Yes
7703-UKUNQ,Female,34,25,97.31,2437.59,One year,Electronic check,Fiber optic,Yes,No,Yes,0,Yes
3219-AWJVS,Female,20,2,46.36,92.17,Month-to-month,Mailed check,DSL,No,Yes,Yes,0,Yes
6913-TKYBE,Female,72,71,46.39,3296.3,Month-to-month,Bank transfer (automatic),DSL,No,No,No,0,Yes
7837-SNYXG,Female,78,37,19.58,728.39,Two year,Electronic check,No,No internet service,No internet service,Yes,1,No
4254-ELGBE,Female,64,17,85.42,1456.32,Month-to-month,Electronic check,Fiber optic,No,No,Yes,0,Yes
5642-TSUWN,Female,65,12,20.01,237.74,Month-to-month,Bank transfer (automatic),No,No internet service,No internet service,No,1,Yes
5113-HNYMD,Female,76,49,58.41,2857.2,Two year,Bank transfer (automatic),DSL,No,No,No,0,No
3176-ADNDG,Female,29,66,69.69,4599.73,Month-to-month,Electronic check,DSL,No,No,No,0,Yes
3210-BIMWQ,Male,25,31,76.61,2377.47,Month-to-month,Bank transfer (automatic),Fiber optic,No,No,No,0,Yes
3520-FYCZU,Male,35,37,80.79,2991.06,One year,Bank transfer (automatic),Fiber optic,No,No,No,0,Yes
1837-TSNVD,Female,75,10,60.2,600.83,Month-to-month,Mailed check,DSL,No,No,Yes,1,Yes
4152-DXXWG,Female,56,35,58.61,2047.07,One year,Bank transfer (automatic),DSL,No,Yes,Yes,1,Yes
7152-OQKCX,Male,33,43,73.26,3152.87,Month-to-month,Electronic check,Fiber optic,Yes,No,Yes,0,Yes
3007-IFTNO,Male,76,27,57.82,1563.19,Month-to-month,Bank transfer (automatic),DSL,Yes,No,No,1,No
9283-JSXVV,Female,75,1,110.08,112.76,Month-to-month,Mailed check,Fiber optic,No,Yes,Yes,1,Yes
6857-CBDTP,Female,29,48,111.25,5344.37,Month-to-month,Bank transfer (automatic),Fiber optic,Yes,No,Yes,0,No
2969-DGECV,Male,62,19,101.51,1925.47,One year,Mailed check,Fiber optic,No,Yes,Yes,0,Yes
3739-HKIBS,Male,48,51,62.19,3176.6,One year,Mailed check,DSL,No,No,Yes,0,No
1532-SFRJO,Male,22,45,118.02,5306.08,Month-to-month,Mailed check,Fiber optic,No,No,No,0,No
1885-CHAGH,Male,54,49,55.18,2700.44,Month-to-month,Bank transfer (automatic),DSL,Yes,No,Yes,0,No
6964-COTCY,Male,58,8,60.46,486.29,Month-to-month,Bank transfer (automatic),DSL,No,No,No,0,Yes
6647-VMRYD,Female,25,30,98.78,2958.52,Two year,Electronic check,Fiber optic,No,No,Yes,0,No
2436-KIWEM,Male,40,54,116.37,6287.54,Two year,Credit card (automatic),Fiber optic,Yes,No,Yes,0,No
1998-ITCZQ,Male,30,50,99.49,4969.8,Two year,Electronic check,Fiber optic,No,No,Yes,0,No
5127-FSZUX,Male,79,46,58.38,2684.61,Month-to-month,Electronic check,DSL,Yes,Yes,No,1,Yes
4606-WUQHZ,Male,68,29,79.28,2295.87,Month-to-month,Electronic check,Fiber optic,No,No,Yes,1,Yes
7634-HISGO,Male,25,28,103.12,2889.33,Month-to-month,Credit card (automatic),Fiber optic,No,No,Yes,0,Yes
8660-EFBON,Female,27,70,108.38,7586.2,Month-to-month,Credit card (automatic),Fiber optic,No,No,No,0,Yes
6969-SOXRU,Male,68,44,46.16,2028.24,One year,Electronic check,DSL,Yes,No,Yes,1,No
3150-NMUNK,Female,22,22,70.91,1559.15,Month-to-month,Credit card (automatic),Fiber optic,No,Yes,No,0,Yes
3982-MQKYE,Male,38,38,74.92,2849.16,Two year,Electronic check,DSL,No,No,Yes,0,No
4486-GYUGC,Female,58,51,74.88,3815.98,Month-to-month,Bank transfer (automatic),Fiber optic,No,No,No,0,No
8443-VIPZT,Female,44,55,111.56,6140.09,Two year,Bank transfer (automatic),Fiber optic,No,No,No,0,No
4780-RVVNL,Female,53,10,44.42,439.9,Month-to-month,Bank transfer (automatic),DSL,Yes,No,Yes,0,Yes
8510-FGSHM,Male,34,39,117.35,4580.74,One year,Bank transfer (automatic),Fiber optic,No,No,No,0,Yes
7673-DQZCX,Female,38,59,61.4,3621.41,Month-to-month,Mailed check,DSL,No,No,No,0,Yes
3278-VCLCL,Male,69,29,97.55,2828.71,Two year,Electronic check,Fiber optic,No,No,Yes,1,No
9578-SXOCZ,Male,18,69,19.04,1308.93,Two year,Bank transfer (automatic),No,No internet service,No internet service,Yes,0,No
8987-NZFBP,Male,41,10,76.58,763.11,One year,Mailed check,Fiber optic,Yes,Yes,Yes,0,No
8044-UQJHW,Female,31,58,69.89,4054.88,One year,Credit card (automatic),DSL,No,Yes,No,0,No
5230-TBGVP,Female,24,11,97.73,1070.72,Month-to-month,Mailed check,Fiber optic,No,Yes,Yes,0,Yes
2801-SAZPS,Female,23,60,68.49,4111.32,One year,Mailed check,DSL,Yes,No,Yes,0,No
8883-ADZSN,Female,36,62,77.18,4787.74,One year,Bank transfer (automatic),Fiber optic,No,Yes,Yes,1,No
7289-PPYEX,Female,28,46,97.97,4507.0,Two year,Electronic check,Fiber optic,No,Yes,Yes,0,No
4625-XALBQ,Male,45,26,110.19,2861.97,Two year,Mailed check,Fiber optic,Yes,Yes,Yes,0,No
9068-QRNWL,Female,64,10,23.42,230.79,One year,Bank transfer (automatic),No,No internet service,No internet service,No,0,No
1405-NVHOY,Male,65,13,106.19,1376.22,One year,Electronic check,Fiber optic,No,Yes,Yes,1,Yes
1485-WLRPQ,Male,71,51,23.21,1181.3,Month-to-month,Credit card (automatic),No,No internet service,No internet service,Yes,1,No
4755-VPVTN,Female,27,48,57.2,2748.71,Month-to-month,Electronic check,DSL,Yes,No,Yes,0,Yes
2710-DDELT,Male,69,16,81.81,1308.67,Two year,Bank transfer (automatic),Fiber optic,No,Yes,Yes,0,No
8579-NCUJM,Male,40,19,90.31,1713.95,Month-to-month,Electronic check,Fiber optic,No,No,Yes,0,Yes
5136-YTOSI,Female,55,47,23.46,1105.21,Month-to-month,Credit card (automatic),No,No internet service,No internet service,No,0,No
5903-NXFIK,Female,53,71,19.8,1408.71,Month-to-month,Bank transfer (automatic),No,No internet service,No internet service,Yes,0,No
5491-UXGEH,Male,75,50,51.58,2581.31,Month-to-month,Electronic check,DSL,No,Yes,Yes,0,No
6144-SFYQY,Female,47,52,45.24,2350.45,Month-to-month,Electronic check,DSL,No,Yes,Yes,0,No
4451-ZFDCO,Female,31,14,60.07,845.84,Month-to-month,Credit card (automatic),DSL,No,Yes,Yes,0,Yes
6865-EUQHR,Female,58,59,98.49,5809.37,Two year,Electronic check,Fiber optic,Yes,Yes,Yes,0,No
3331-HUNTO,Female,62,31,104.26,3230.42,Month-to-month,Electronic check,Fiber optic,No,No,No,0,Yes
6398-BDMRJ,Female,26,18,68.14,1230.23,Month-to-month,Mailed check,DSL,Yes,No,Yes,0,Yes
6051-GHMNC,Female,76,35,22.24,777.7,Month-to-month,Electronic check,No,No internet service,No internet service,Yes,1,Yes
1539-WRXEK,Male,63,16,75.25,1206.21,Month-to-month,Electronic check,Fiber optic,No,Yes,No,0,Yes
2994-JRYQH,Female,61,3,91.82,275.54,Month-to-month,Mailed check,Fiber optic,Yes,No,Yes,0,Yes
2560-URRLZ,Male,43,55,109.28,6010.35,Two year,Electronic check,Fiber optic,No,No,Yes,0,Yes
5792-HJQKL,Female,35,54,70.52,3809.72,Two year,Bank transfer (automatic),Fiber optic,No,No,Yes,0,No
6269-KGZVN,Female,48,69,93.85,6477.71,One year,Bank transfer (automatic),Fiber optic,Yes,Yes,No,0,No
3171-NZZEY,Male,79,55,84.85,4667.92,Month-to-month,Electronic check,Fiber optic,No,No,Yes,1,Yes
2319-OLNFL,Male,49,14,75.08,1051.36,Month-to-month,Mailed check,Fiber optic,No,No,No,0,Yes
3368-STLAM,Female,64,12,59.13,706.81,Month-to-month,Bank transfer (automatic),DSL,No,No,Yes,0,Yes
1464-TPZUO,Male,49,45,54.66,2457.29,One year,Mailed check,DSL,Yes,No,Yes,0,No
3981-ZIERD,Male,28,69,41.78,2887.09,One year,Mailed check,DSL,No,Yes,Yes,0,No
5863-YZCHA,Male,80,30,63.24,1893.71,One year,Credit card (automatic),DSL,No,No,Yes,0,No
2964-ZOGOM,Female,46,2,45.38,93.32,Month-to-month,Mailed check,DSL,Yes,Yes,Yes,0,Yes
7802-YAYEV,Male,53,41,62.19,2552.83,One year,Mailed check,DSL,Yes,No,Yes,0,Yes
2386-DYDAD,Male,63,54,60.69,3281.72,Month-to-month,Electronic check,DSL,Yes,No,No,0,No
3095-PIEQT,Female,52,32,48.23,1540.16,Month-to-month,Electronic check,DSL,No,Yes,Yes,0,Yes
4185-TLMGS,Male,33,67,84.09,5637.09,Two year,Electronic check,Fiber optic,No,Yes,Yes,0,No
9610-HHZAW,Male,21,55,44.67,2455.24,Month-to-month,Electronic check,DSL,Yes,No,Yes,0,Yes
9295-OPKXK,Female,18,34,91.65,3113.22,Month-to-month,Credit card (automatic),Fiber optic,Yes,Yes,Yes,0,No
6296-ECLUU,Female,43,50,21.77,1087.15,Month-to-month,Credit card (automatic),No,No internet service,No internet service,Yes,0,No
5202-YPJOR,Male,30,13,110.97,1446.24,One year,Bank transfer (automatic),Fiber optic,No,No,Yes,0,No
2820-ZCJVY,Male,58,36,60.7,2186.8,Month-to-month,Mailed check,DSL,No,No,Yes,0,No
1468-ZCSRC,Male,40,40,92.96,3722.34,Month-to-month,Bank transfer (automatic),Fiber optic,No,No,Yes,0,Yes
5733-VSDUY,Female,78,9,92.31,826.9,Month-to-month,Electronic check,Fiber optic,Yes,No,No,1,Yes
3763-WJCQV,Female,29,4,22.4,89.7,Two year,Electronic check,No,No internet service,No internet service,Yes,0,Yes
1700-IJAOI,Female,24,61,72.65,4431.83,Two year,Mailed check,Fiber optic,No,No,Yes,0,No
3739-PEEPC,Male,54,61,102.21,6229.84,One year,Mailed check,Fiber optic,No,No,Yes,0,Yes
4452-UKCKV,Male,76,61,52.02,3169.55,Two year,Bank transfer (automatic),DSL,No,No,No,1,No
3696-EOTND,Male,19,49,87.08,4265.97,Two year,Electronic check,Fiber optic,No,Yes,Yes,0,No
9569-GLMYJ,Male,42,67,64.68,4337.86,Month-to-month,Bank transfer (automatic),DSL,Yes,Yes,Yes,0,Yes
4231-MQQTL,Male,58,64,106.05,6787.37,Month-to-month,Mailed check,Fiber optic,No,Yes,No,0,Yes
5377-VVNEW,Female,75,53,100.54,5333.02,Month-to-month,Credit card (automatic),Fiber optic,No,Yes,Yes,1,No
1201-RDBKB,Female,68,66,80.91,5335.69,Month-to-month,Mailed check,Fiber optic,No,No,Yes,0,No
4832-ZHAJB,Female,37,33,68.6,2265.01,One year,Electronic check,DSL,Yes,No,Yes,0,Yes
2405-NRHLB,Female,72,29,53.39,1551.94,Month-to-month,Bank transfer (automatic),DSL,No,No,Yes,1,No
2519-QFCDN,Female,25,39,110.68,4319.43,Month-to-month,Electronic check,Fiber optic,No,No,Yes,0,Yes
6652-AFPQU,Female,54,57,73.55,4190.31,Month-to-month,Bank transfer (automatic),DSL,No,No,Yes,0,Yes
1817-RWPXL,Male,76,20,40.13,799.02,Two year,Bank transfer (automatic),DSL,No,No,No,0,No
6351-RDYLT,Male,53,63,52.58,3313.29,One year,Electronic check,DSL,No,No,Yes,0,Yes
6831-ILECQ,Female,52,45,64.13,2889.62,Month-to-month,Bank transfer (automatic),DSL,No,Yes,Yes,0,Yes
1512-SWIPB,Female,72,6,103.27,615.45,One year,Electronic check,Fiber optic,Yes,No,Yes,1,Yes
8041-KIDOV,Female,80,69,59.27,4086.14,Month-to-month,Credit card (automatic),DSL,No,No,Yes,1,Yes
9596-VQLFZ,Male,55,62,22.81,1418.53,Month-to-month,Credit card (automatic),No,No internet service,No internet service,Yes,0,Yes
1898-JCAYG,Female,75,28,76.59,2144.42,Two year,Mailed check,Fiber optic,No,No,No,0,No
9629-LGZUX,Male,27,46,80.11,3685.51,Month-to-month,Bank transfer (automatic),Fiber optic,Yes,No,Yes,0,Yes
3222-UJHCH,Male,40,38,92.08,3503.52,One year,Electronic check,Fiber optic,Yes,Yes,No,0,Yes
5293-HNSJF,Female,77,51,50.08,2552.14,Month-to-month,Electronic check,DSL,No,Yes,Yes,1,No
5148-EYRRK,Male,76,53,70.89,3756.39,Month-to-month,Electronic check,DSL,No,Yes,Yes,1,No
8438-VPBPJ,Female,79,12,110.59,1322.38,Month-to-month,Mailed check,Fiber optic,Yes,Yes,No,0,No
4978-AZUOJ,Male,75,68,23.19,1574.57,Two year,Electronic check,No,No internet service,No internet service,Yes,1,No
1226-FHQZS,Female,54,18,55.52,1001.29,Month-to-month,Bank transfer (automatic),DSL,No,No,No,0,Yes
5433-IIHVA,Female,59,24,105.79,2541.05,One year,Electronic check,Fiber optic,Yes,No,Yes,0,No
7745-XUWWY,Male,29,43,98.45,4232.32,Month-to-month,Credit card (automatic),Fiber optic,No,Yes,No,0,Yes
6848-STDHZ,Female,58,27,74.46,2009.51,Two year,Credit card (automatic),DSL,No,Yes,No,0,No
2917-RKVZI,Female,23,20,20.63,413.6,One year,Electronic check,No,No internet service,No internet service,Yes,0,No
1567-XOXVE,Male,27,42,70.53,2963.24,Month-to-month,Bank transfer (automatic),Fiber optic,No,No,No,0,Yes
5806-TZOBO,Male,42,65,106.19,6905.39,One year,Credit card (automatic),Fiber optic,Yes,Yes,No,0,No
7887-TEQBO,Female,72,55,84.16,4631.18,Month-to-month,Credit card (automatic),Fiber optic,Yes,No,No,0,No
2154-RXVDR,Female,58,58,91.93,5334.85,Two year,Electronic check,Fiber optic,No,No,No,0,Yes
2945-SFVYU,Female,48,12,99.7,1195.53,Two year,Electronic check,Fiber optic,No,Yes,Yes,0,No
4382-OUDJB,Male,28,47,73.4,3448.68,Two year,Electronic check,DSL,No,Yes,Yes,0,No
6610-HPXBG,Male,40,37,19.19,710.67,Two year,Credit card (automatic),No,No internet service,No internet service,No,0,No
6511-IGONY,Female,63,71,58.32,4141.86,Month-to-month,Credit card (automatic),DSL,Yes,Yes,No,0,No
1717-PZCPD,Female,41,48,73.35,3521.83,Two year,Bank transfer (automatic),Fiber optic,No,No,Yes,0,No
9914-CAZVR,Male,34,1,70.66,73.64,Month-to-month,Credit card (automatic),DSL,No,No,Yes,0,Yes
1875-POUKX,Male,66,55,72.3,3978.71,Month-to-month,Mailed check,DSL,Yes,No,Yes,1,Yes
9756-KZLHU,Female,44,45,72.94,3283.45,One year,Electronic check,Fiber optic,No,No,No,0,No
7675-JCOMQ,Male,79,54,22.7,1222.37,Month-to-month,Mailed check,No,No internet service,No internet service,Yes,1,No
7049-UAAWJ,Male,30,13,61.13,792.66,Month-to-month,Mailed check,DSL,Yes,No,Yes,0,No
1591-SNZPA,Female,20,72,95.93,6902.96,Month-to-month,Credit card (automatic),Fiber optic,No,No,No,0,Yes
7045-WSVPQ,Male,72,54,101.18,5464.02,Month-to-month,Electronic check,Fiber optic,No,No,Yes,1,Yes
3492-JBCTJ,Female,39,63,56.33,3550.52,One year,Bank transfer (automatic),DSL,Yes,No,No,0,No
7302-LDJSU,Male,58,62,101.44,6291.76,Two year,Electronic check,Fiber optic,Yes,Yes,Yes,0,No
1452-BIJPR,Female,69,22,76.1,1669.3,One year,Electronic check,Fiber optic,Yes,No,Yes,1,No
7163-QXDMM,Male,18,66,41.78,2759.18,Month-to-month,Mailed check,DSL,No,No,No,0,No
2883-BOGUO,Male,21,17,99.31,1687.31,Month-to-month,Bank transfer (automatic),Fiber optic,Yes,No,Yes,0,No
4134-NGGTK,Female,21,6,104.65,632.36,One year,Electronic check,Fiber optic,No,No,Yes,0,Yes
9063-UOVZW,Female,72,13,20.49,267.81,Month-to-month,Credit card (automatic),No,No internet service,No internet service,Yes,0,Yes
2082-WXSNP,Female,39,3,101.42,306.57,One year,Electronic check,Fiber optic,No,Yes,No,0,Yes
3429-KCXAF,Male,58,12,58.45,704.82,Month-to-month,Mailed check,DSL,Yes,Yes,Yes,1,Yes
2436-BRMRZ,Female,23,40,51.04,2044.31,One year,Bank transfer (automatic),DSL,No,No,Yes,0,No
9472-FLHIM,Female,37,43,86.41,3719.59,Month-to-month,Mailed check,Fiber optic,Yes,Yes,Yes,0,No
2521-RNRHM,Female,55,12,117.52,1411.03,One year,Electronic check,Fiber optic,No,No,No,0,Yes
8593-AMBMZ,Female,76,47,19.3,911.8,Two year,Mailed check,No,No internet service,No internet service,Yes,1,No
4583-LVXJR,Female,40,25,90.75,2272.34,Month-to-month,Electronic check,Fiber optic,No,No,No,1,Yes
1852-IDBHJ,Female,21,46,21.09,967.6,Month-to-month,Bank transfer (automatic),No,No internet service,No internet service,Yes,0,Yes
9797-XQSOG,Male,48,12,47.6,567.62,One year,Electronic check,DSL,No,No,No,0,Yes
3608-KBNRI,Female,36,50,43.54,2181.82,One year,Credit card (automatic),DSL,No,Yes,Yes,0,No
6241-MDIRA,Male,77,31,76.49,2371.05,Month-to-month,Bank transfer (automatic),Fiber optic,No,No,No,1,Yes
1828-TKPCV,Female,41,44,98.14,4322.31,One year,Credit card (automatic),Fiber optic,Yes,No,No,0,No
7392-QLDKP,Female,71,63,58.32,3675.83,One year,Bank transfer (automatic),DSL,No,No,No,0,No
4460-MZBWA,Male,67,7,67.86,477.25,One year,Credit card (automatic),DSL,Yes,No,No,1,No
3947-WBXQQ,Male,52,3,117.88,350.92,Two year,Bank transfer (automatic),Fiber optic,No,No,Yes,0,Yes
7446-LCPNN,Female,50,45,41.46,1867.76,Month-to-month,Credit card (automatic),DSL,No,Yes,Yes,0,Yes
8603-AHEAT,Female,40,54,20.56,1111.78,Month-to-month,Credit card (automatic),No,No internet service,No internet service,Yes,0,No
7482-WPZJP,Male,29,62,40.4,2501.19,One year,Mailed check,DSL,No,No,No,0,No
3462-LPCKA,Male,42,13,40.54,527.69,Month-to-month,Bank transfer (automatic),DSL,No,No,No,0,Yes
1174-FLLDF,Male,41,39,22.66,884.39,Month-to-month,Bank transfer (automatic),No,No internet service,No internet service,No,0,No
6319-GRVTM,Male,63,17,47.44,809.03,Month-to-month,Electronic check,DSL,No,No,Yes,1,Yes
3072-MZGAC,Female,32,11,82.88,914.46,One year,Electronic check,Fiber optic,No,No,No,0,Yes
1564-RXHAQ,Female,18,53,47.09,2494.84,Month-to-month,Credit card (automatic),DSL,No,No,Yes,0,No
7844-VYLBL,Female,75,17,70.8,1208.38,Month-to-month,Mailed check,DSL,Yes,Yes,Yes,1,Yes
9695-JKPDO,Male,20,46,63.78,2930.66,Two year,Mailed check,DSL,Yes,No,Yes,0,No
2055-JVVJI,Female,45,57,21.34,1218.0,Two year,Electronic check,No,No internet service,No internet service,Yes,0,No
4698-XHHSN,Male,56,10,110.86,1109.82,One year,Bank transfer (automatic),Fiber optic,Yes,No,Yes,0,No
6172-RUMHK,Male,36,33,61.26,2019.65,Month-to-month,Credit card (automatic),DSL,No,No,No,0,No
8492-MCXKC,Female,39,38,110.49,4200.28,Month-to-month,Electronic check,Fiber optic,No,Yes,No,0,Yes
6008-BAJUP,Male,27,71,108.84,7727.22,Month-to-month,Bank transfer (automatic),Fiber optic,Yes,Yes,Yes,0,No
3828-OGPMB,Male,73,39,86.16,3359.49,Month-to-month,Mailed check,Fiber optic,No,Yes,Yes,1,Yes
8073-CBKTW,Male,35,51,72.91,3718.03,Two year,Mailed check,Fiber optic,Yes,No,No,0,Yes
4026-JEJSK,Female,51,69,113.75,7852.92,One year,Electronic check,Fiber optic,Yes,No,Yes,0,Yes
9281-DBBFM,Female,36,15,69.7,1048.22,Month-to-month,Bank transfer (automatic),DSL,No,No,No,0,No
4562-YQBWE,Male,53,17,96.4,1639.65,Two year,Electronic check,Fiber optic,No,Yes,No,0,No
5346-HPEYJ,Female,56,1,45.78,46.35,Two year,Mailed check,DSL,No,No,No,0,No
1352-EEGVX,Male,80,32,62.33,1990.77,Month-to-month,Credit card (automatic),DSL,Yes,No,No,1,Yes
7021-FKXEW,Male,73,2,107.9,217.34,One year,Electronic check,Fiber optic,No,No,Yes,1,No
6881-RFADB,Male,30,58,85.05,4934.79,Month-to-month,Credit card (automatic),Fiber optic,Yes,Yes,Yes,0,No
8431-AFRCH,Male,70,64,58.92,3773.2,Month-to-month,Credit card (automatic),DSL,Yes,Yes,Yes,1,No
8233-QSAZZ,Female,33,35,43.48,1525.0,One year,Bank transfer (automatic),DSL,No,No,Yes,0,No
1998-RFSTJ,Male,28,63,65.15,4102.21,One year,Bank transfer (automatic),DSL,Yes,Yes,Yes,0,No
1873-PICGO,Male,27,66,58.82,3885.27,Month-to-month,Bank transfer (automatic),DSL,Yes,No,Yes,0,No
5990-JGZPF,Female,39,57,52.32,2982.73,Month-to-month,Electronic check,DSL,Yes,Yes,No,0,No
5636-VIYQU,Male,47,40,46.75,1866.49,Two year,Mailed check,DSL,No,No,Yes,1,No
9569-LVELP,Female,74,12,52.94,632.09,Two year,Bank transfer (automatic),DSL,No,Yes,Yes,1,No
8154-OVICH,Female,75,10,22.65,221.75,Month-to-month,Credit card (automatic),No,No internet service,No internet service,No,1,No
4897-VECRC,Male,55,42,72.08,3030.61,Month-to-month,Bank transfer (automatic),DSL,No,No,Yes,0,No
8816-SMFRL,Male,64,23,42.56,975.38,Month-to-month,Mailed check,DSL,Yes,No,Yes,0,Yes
2837-ZWMKE,Male,70,55,105.03,5779.94,Month-to-month,Mailed check,Fiber optic,No,Yes,Yes,1,Yes
7797-FUDNS,Female,41,61,105.63,6445.07,Month-to-month,Electronic check,Fiber optic,Yes,Yes,Yes,0,No
2712-YQIDZ,Male,69,11,56.88,627.01,One year,Mailed check,DSL,No,No,Yes,1,Yes
5916-KDGEI,Male,49,36,60.92,2189.8,Two year,Electronic check,DSL,No,No,Yes,0,No
2885-DAPYB,Female,48,69,23.37,1611.95,One year,Electronic check,No,No internet service,No internet service,Yes,0,No
7922-MXFIX,Female,65,46,94.3,4338.47,Two year,Mailed check,Fiber optic,No,Yes,Yes,1,No
6509-GDMMJ,Female,22,37,91.12,3368.1,Month-to-month,Electronic check,Fiber optic,No,No,Yes,0,No
1310-UBOMK,Male,65,42,114.14,4795.41,Month-to-month,Electronic check,Fiber optic,No,No,Yes,1,Yes
1785-HBSFG,Male,26,14,116.85,1634.26,Month-to-month,Bank transfer (automatic),Fiber optic,No,No,Yes,0,Yes
5157-GBKOA,Female,37,29,97.36,2818.84,Month-to-month,Credit card (automatic),Fiber optic,No,No,Yes,0,Yes
9293-OCZFC,Male,39,11,69.33,766.49,Month-to-month,Mailed check,DSL,Yes,No,No,0,Yes
7430-AKHKP,Male,45,64,75.75,4843.38,Two year,Electronic check,Fiber optic,Yes,Yes,No,0,No
2784-VTESP,Female,23,42,105.28,4417.17,One year,Mailed check,Fiber optic,No,No,No,0,Yes
7242-DEMWB,Female,32,42,48.08,2022.62,One year,Mailed check,DSL,No,Yes,Yes,0,No
8349-TMTDB,Female,37,12,50.66,604.7,Two year,Bank transfer (automatic),DSL,Yes,No,No,0,Yes
3178-SIOLF,Female,24,6,70.93,430.28,Month-to-month,Credit card (automatic),Fiber optic,Yes,No,No,0,No
8353-ZLSSH,Female,47,11,58.15,644.15,Two year,Credit card (automatic),DSL,No,No,No,0,No
6537-PVYDX,Male,64,5,118.46,589.09,Month-to-month,Mailed check,Fiber optic,No,Yes,No,0,Yes
8229-UQOTU,Female,65,28,24.41,686.07,Month-to-month,Electronic check,No,No internet service,No internet service,Yes,1,Yes
2865-AZVZO,Female,68,34,70.03,2383.19,Two year,Mailed check,DSL,Yes,No,Yes,0,No
3265-FHKWU,Female,25,12,24.41,288.0,One year,Mailed check,No,No internet service,No internet service,Yes,0,No
2097-BNREW,Male,60,20,50.39,1009.61,Month-to-month,Bank transfer (automatic),DSL,No,No,Yes,0,Yes
8179-LFQRU,Female,48,23,84.23,1940.36,Two year,Electronic check,Fiber optic,Yes,No,No,0,No
7361-DVVYU,Female,73,72,77.59,5585.75,One year,Credit card (automatic),Fiber optic,No,No,No,0,No
3291-HAAZC,Male,69,49,86.92,4258.16,Month-to-month,Electronic check,Fiber optic,Yes,No,Yes,1,Yes
1043-KWZON,Male,26,62,113.42,7027.19,Month-to-month,Electronic check,Fiber optic,No,Yes,No,0,Yes
9546-GVHQS,Female,52,52,64.41,3346.28,Month-to-month,Credit card (automatic),DSL,Yes,No,Yes,0,Yes
4910-QGYTX,Female,80,36,19.53,706.74,Two year,Bank transfer (automatic),No,No internet service,No internet service,Yes,1,No
7141-OZJXQ,Female,50,11,92.0,1008.44,Month-to-month,Mailed check,Fiber optic,No,Yes,Yes,0,Yes
5946-LPXHS,Male,42,30,23.44,700.32,Month-to-month,Bank transfer (automatic),No,No internet service,No internet service,No,0,No
5936-KVOVS,Female,65,41,44.26,1817.31,Two year,Mailed check,DSL,No,No,No,1,No
8321-HGAFN,Male,37,16,77.69,1242.89,Two year,Bank transfer (automatic),Fiber optic,No,Yes,Yes,0,No
1690-AAVLL,Female,25,51,87.11,4443.71,Month-to-month,Mailed check,Fiber optic,Yes,No,Yes,0,No
9562-PALHN,Female,24,40,106.47,4258.45,One year,Electronic check,Fiber optic,Yes,No,Yes,0,Yes
6311-WWZYD,Female,41,26,18.68,489.39,Month-to-month,Electronic check,No,No internet service,No internet service,Yes,1,No
1050-NCDJU,Male,58,44,89.3,3924.72,Month-to-month,Electronic check,Fiber optic,Yes,Yes,Yes,0,Yes
2760-PVRZD,Male,40,26,106.37,2769.29,Month-to-month,Bank transfer (automatic),Fiber optic,No,No,Yes,0,Yes
8946-RLFQH,Female,65,27,88.27,2382.92,Month-to-month,Bank transfer (automatic),Fiber optic,Yes,No,Yes,1,Yes
2425-MKCHK,Male,30,47,74.12,3482.3,Two year,Mailed check,Fiber optic,Yes,No,Yes,0,No
1619-ANJRH,Male,66,65,97.2,6315.6,Two year,Bank transfer (automatic),Fiber optic,Yes,Yes,No,1,No
1839-WLBCI,Female,70,43,20.46,884.41,Month-to-month,Mailed check,No,No internet service,No internet service,Yes,0,No
5234-NBCYZ,Male,54,52,67.94,3534.59,Month-to-month,Credit card (automatic),DSL,No,No,No,0,Yes
8817-WBCPV,Female,76,55,53.29,2933.02,Month-to-month,Electronic check,DSL,No,No,Yes,1,Yes
1165-LLIMO,Female,69,64,77.37,4956.12,Month-to-month,Credit card (automatic),Fiber optic,No,Yes,Yes,1,No
2202-NKNVV,Male,78,44,109.33,4813.49,One year,Bank transfer (automatic),Fiber optic,Yes,No,Yes,0,No
7145-FHTZB,Male,48,37,101.02,3738.13,One year,Mailed check,Fiber optic,Yes,No,Yes,0,Yes
4244-OGRMI,Female,57,8,52.04,420.86,One year,Bank transfer (automatic),DSL,No,No,No,0,No
8184-LHSFC,Male,49,3,21.94,62.04,One year,Electronic check,No,No internet service,No internet service,Yes,0,No
3403-MCMCL,Male,49,3,21.38,62.28,Month-to-month,Bank transfer (automatic),No,No internet service,No internet service,No,0,No
3449-MJJAO,Female,34,38,71.18,2709.33,One year,Mailed check,Fiber optic,No,Yes,No,0,No
7511-GTSOM,Male,59,28,80.03,2245.32,Two year,Credit card (automatic),Fiber optic,Yes,No,No,0,No
3719-NPUDE,Male,22,39,98.75,3848.0,Month-to-month,Credit card (automatic),Fiber optic,No,No,Yes,0,Yes
4567-KWSFR,Male,50,3,49.29,147.63,One year,Credit card (automatic),DSL,No,No,Yes,0,No
8172-TMHUO,Male,61,66,66.36,4384.74,Month-to-month,Bank transfer (automatic),DSL,Yes,Yes,Yes,0,No
6702-OKGIJ,Female,66,61,73.82,4500.57,Two year,Bank transfer (automatic),Fiber optic,Yes,No,Yes,1,No
3600-ZBMIK,Female,60,1,118.39,120.71,Month-to-month,Electronic check,Fiber optic,No,No,Yes,0,Yes
3445-JYZQO,Male,54,28,67.33,1887.49,One year,Credit card (automatic),DSL,No,Yes,Yes,0,No
1251-WPQGR,Male,54,63,98.37,6193.32,Month-to-month,Credit card (automatic),Fiber optic,No,Yes,Yes,0,Yes
8638-VEWZX,Male,46,13,61.6,800.01,One year,Mailed check,DSL,No,No,Yes,0,Yes
8896-LTTTF,Male,80,33,96.25,3181.08,One year,Electronic check,Fiber optic,No,No,Yes,1,Yes
5190-IMZRP,Female,75,7,22.71,155.05,Two year,Mailed check,No,No internet service,No internet service,Yes,1,No
5988-FHSCO,Male,60,19,42.35,805.42,One year,Mailed check,DSL,No,No,Yes,0,No
9896-RTFTH,Male,60,43,23.84,1023.2,One year,Bank transfer (automatic),No,No internet service,No internet service,Yes,0,No
2896-INCEK,Female,54,65,63.67,4136.9,Month-to-month,Electronic check,DSL,No,Yes,No,0,No
9462-FXNUR,Female,46,69,53.87,3712.06,Month-to-month,Bank transfer (automatic),DSL,No,No,Yes,0,No
2067-QCXDH,Male,63,29,113.61,3295.64,One year,Electronic check,Fiber optic,No,No,Yes,0,No
9878-YBXOF,Female,33,41,84.0,3442.82,Month-to-month,Credit card (automatic),Fiber optic,Yes,No,Yes,0,Yes
8705-RMLHI,Female,54,4,64.36,255.81,Month-to-month,Bank transfer (automatic),DSL,No,No,Yes,0,Yes
3898-PZBPJ,Male,68,60,23.89,1437.07,Month-to-month,Electronic check,No,No internet service,No internet service,Yes,0,No
2917-ERCRJ,Female,52,19,45.08,851.9,Two year,Bank transfer (automatic),DSL,No,No,Yes,0,No
4850-YYSIQ,Male,24,19,69.5,1317.27,One year,Electronic check,DSL,No,Yes,Yes,0,No
5261-IOCRO,Female,52,4,62.4,253.51,One year,Mailed check,DSL,No,No,Yes,0,No
7269-TGBJS,Male,19,68,80.21,5452.87,Month-to-month,Electronic check,Fiber optic,No,Yes,No,0,Yes
3916-QFLRK,Male,78,6,77.39,467.45,One year,Electronic check,Fiber optic,Yes,No,Yes,1,Yes
5479-QOCGM,Male,75,42,52.59,2203.93,Month-to-month,Bank transfer (automatic),DSL,No,No,No,1,Yes
1230-QUJFB,Female,18,66,110.23,7278.78,One year,Electronic check,Fiber optic,No,Yes,Yes,0,No
1905-IFWYA,Male,56,64,66.57,4261.99,Month-to-month,Mailed check,DSL,No,Yes,No,0,Yes
4001-QVLDK,Male,21,55,50.88,2802.8,One year,Electronic check,DSL,Yes,No,Yes,0,No
5111-DSQUD,Male,74,35,84.63,2960.66,Two year,Credit card (automatic),Fiber optic,No,No,No,0,No
4757-OIVML,Male,47,61,113.98,6954.2,One year,Bank transfer (automatic),Fiber optic,Yes,Yes,No,0,No
1299-NBGTQ,Female,63,65,20.76,1352.17,One year,Electronic check,No,No internet service,No internet service,Yes,0,No
5542-POMFU,Male,39,3,22.46,66.25,Month-to-month,Credit card (automatic),No,No internet service,No internet service,No,0,Yes
4102-NCSTB,Female,75,23,77.81,1793.86,Month-to-month,Bank transfer (automatic),Fiber optic,No,Yes,Yes,1,No
9427-NJBYQ,Female,24,36,23.66,847.72,Month-to-month,Bank transfer (automatic),No,No internet service,No internet service,No,0,No
3032-ACSQV,Male,73,6,98.75,590.9,Two year,Electronic check,Fiber optic,Yes,No,No,0,Yes
7769-UIWJF,Female,39,13,24.57,322.68,Month-to-month,Credit card (automatic),No,No internet service,No internet service,No,0,Yes
9085-XNMMZ,Female,55,44,73.96,3251.4,Month-to-month,Mailed check,DSL,No,Yes,Yes,0,No
7688-CPVOT,Male,64,20,91.34,1828.45,Month-to-month,Electronic check,Fiber optic,No,No,Yes,0,Yes
8787-OVSRO,Male,37,35,74.2,2594.0,Month-to-month,Bank transfer (automatic),Fiber optic,Yes,No,No,0,No
6429-YBPCX,Male,36,23,79.11,1823.62,Month-to-month,Mailed check,Fiber optic,No,Yes,Yes,0,Yes
5355-AKMTE,Male,60,63,72.08,4545.46,Two year,Mailed check,Fiber optic,Yes,No,Yes,0,No
4038-OFXDK,Female,23,40,68.82,2748.58,Month-to-month,Electronic check,DSL,Yes,No,Yes,0,Yes
6764-QTDWV,Female,25,49,67.75,3323.68,Month-to-month,Electronic check,DSL,No,No,No,0,No
6438-GXQAF,Female,32,27,70.77,1915.72,One year,Credit card (automatic),DSL,Yes,No,No,0,Yes
3587-LJMDC,Female,46,39,116.92,4559.13,Month-to-month,Mailed check,Fiber optic,No,No,Yes,0,Yes
9835-JWPYU,Female,24,58,111.85,6484.96,Month-to-month,Mailed check,Fiber optic,No,Yes,Yes,0,No
2014-HXCYM,Female,67,72,43.98,3168.36,Month-to-month,Mailed check,DSL,No,Yes,Yes,0,No
3289-MCKCO,Male,34,59,19.88,1170.77,Two year,Bank transfer (automatic),No,No internet service,No internet service,No,0,No
5471-UCUVE,Female,36,61,18.7,1135.81,Month-to-month,Electronic check,No,No internet service,No internet service,No,0,Yes
7223-JBHQX,Male,79,17,112.48,1909.03,One year,Credit card (automatic),Fiber optic,No,No,Yes,1,Yes
8318-LARPE,Male,28,34,103.88,3528.04,Month-to-month,Credit card (automatic),Fiber optic,No,No,No,0,Yes
7338-IJTGJ,Female,37,52,106.84,5554.67,Month-to-month,Credit card (automatic),Fiber optic,No,No,No,0,Yes
6023-BAVWR,Male,46,34,54.07,1842.24,One year,Bank transfer (automatic),DSL,No,No,Yes,0,No
2063-TVGAQ,Female,24,15,65.06,973.29,Two year,Mailed check,DSL,No,No,Yes,0,No
2352-FFERO,Male,51,56,20.34,1135.74,Month-to-month,Electronic check,No,No internet service,No internet service,Yes,0,No
5579-AXIIO,Female,45,60,45.79,2749.16,Month-to-month,Credit card (automatic),DSL,Yes,No,No,0,No
3912-APGQG,Female,61,32,58.15,1857.52,Month-to-month,Mailed check,DSL,Yes,No,Yes,0,Yes
3499-SKDJM,Male,36,70,41.31,2893.1,Two year,Mailed check,DSL,Yes,Yes,No,0,No
6531-ERSPL,Female,60,62,61.24,3799.34,Month-to-month,Mailed check,DSL,No,No,No,0,Yes
2906-RFJUP,Female,36,71,117.07,8316.62,One year,Electronic check,Fiber optic,Yes,Yes,No,0,Yes
4135-ACHTW,Female,19,39,57.92,2255.43,Month-to-month,Bank transfer (automatic),DSL,Yes,No,No,0,Yes
4950-IEZAD,Female,45,2,82.06,164.03,Month-to-month,Mailed check,Fiber optic,No,No,Yes,0,Yes
6023-YJMSK,Female,34,4,106.54,427.67,Month-to-month,Electronic check,Fiber optic,No,No,Yes,0,Yes
2386-CXJKX,Male,43,25,90.15,2257.57,Two year,Electronic check,Fiber optic,Yes,No,Yes,0,Yes
8885-KERES,Male,28,30,116.51,3495.17,Month-to-month,Credit card (automatic),Fiber optic,Yes,No,Yes,1,No
1384-DCQGP,Male,53,44,52.23,2294.82,Month-to-month,Mailed check,DSL,No,Yes,Yes,0,No
5324-BUGMU,Male,31,34,114.52,3890.47,One year,Credit card (automatic),Fiber optic,No,No,No,0,Yes
5871-NRMNV,Male,54,11,79.28,874.61,Month-to-month,Mailed check,Fiber optic,No,No,Yes,0,Yes
3137-YWEPE,Male,67,25,97.92,2450.44,Two year,Mailed check,Fiber optic,Yes,Yes,No,1,No
9202-JIQAK,Male,70,67,58.96,3950.52,Month-to-month,Electronic check,DSL,No,Yes,Yes,0,Yes
1984-ZDOXE,Female,36,70,82.46,5768.39,Month-to-month,Electronic check,Fiber optic,Yes,No,Yes,0,Yes
9907-QWCRR,Female,31,33,62.3,2055.8,One year,Electronic check,DSL,No,Yes,Yes,0,No
7468-ROKYS,Female,78,20,92.94,1859.16,One year,Bank transfer (automatic),Fiber optic,Yes,No,Yes,1,Yes
3065-UDMVR,Female,55,56,79.86,4472.02,Month-to-month,Credit card (automatic),Fiber optic,No,Yes,No,0,No
8406-JHABR,Female,62,21,40.93,861.73,One year,Electronic check,DSL,Yes,No,Yes,0,No
8062-XTWXR,Female,23,53,22.09,1169.11,Month-to-month,Bank transfer (automatic),No,No internet service,No internet service,Yes,0,No
6658-KHASY,Male,37,23,21.76,498.11,Two year,Electronic check,No,No internet service,No internet service,No,0,No
4065-CNJCX,Male,64,39,21.35,827.91,Month-to-month,Bank transfer (automatic),No,No internet service,No internet service,Yes,0,Yes
9292-MRKSW,Male,44,35,67.68,2369.18,Month-to-month,Credit card (automatic),DSL,No,No,Yes,0,No
6629-ITVQU,Female,32,7,72.7,512.86,Month-to-month,Electronic check,DSL,No,No,Yes,0,Yes
5240-XOJMC,Male,49,41,91.35,3749.41,Month-to-month,Electronic check,Fiber optic,No,Yes,Yes,0,Yes
4459-WUDIH,Male,32,53,67.31,3563.79,Month-to-month,Electronic check,DSL,No,No,No,0,No
8185-ISRGF,Male,43,54,118.15,6383.34,One year,Mailed check,Fiber optic,No,Yes,Yes,0,No
3342-JOWTA,Female,54,22,40.87,899.21,Two year,Bank transfer (automatic),DSL,Yes,No,No,0,No
2590-FYWEU,Female,72,71,77.53,5502.5,Two year,Electronic check,Fiber optic,No,Yes,Yes,1,No
6710-LPQMU,Male,34,4,62.73,253.25,Two year,Credit card (automatic),DSL,No,Yes,Yes,0,No
1274-HEZSL,Female,79,15,56.92,850.2,One year,Electronic check,DSL,No,Yes,No,1,Yes
4330-FLJLU,Male,77,15,73.94,1113.11,Two year,Electronic check,DSL,Yes,No,No,0,No
8980-YEUBE,Male,78,23,21.6,498.09,Month-to-month,Mailed check,No,No internet service,No internet service,No,0,No
6071-ZOUVW,Male,69,9,106.35,957.88,Month-to-month,Electronic check,Fiber optic,No,No,Yes,1,Yes
6685-ABSHS,Male,35,30,21.33,642.47,One year,Bank transfer (automatic),No,No internet service,No internet service,Yes,0,No
7318-VWUSJ,Female,57,16,94.28,1504.32,One year,Electronic check,Fiber optic,No,No,Yes,0,Yes
7504-JKSJN,Male,70,47,23.75,1120.65,Month-to-month,Electronic check,No,No internet service,No internet service,No,0,No
7040-RVLFU,Female,45,29,73.84,2144.25,Month-to-month,Credit card (automatic),DSL,No,No,Yes,0,No
4470-DAGCV,Male,56,9,59.43,539.44,Two year,Bank transfer (automatic),DSL,Yes,Yes,Yes,0,Yes
7344-TPHOC,Female,43,18,67.05,1206.86,Month-to-month,Bank transfer (automatic),DSL,No,No,Yes,0,Yes
1322-LVYOG,Male,67,16,53.09,854.38,Month-to-month,Electronic check,DSL,No,No,Yes,1,Yes
4553-KLBTS,Male,58,9,72.01,650.08,Month-to-month,Bank transfer (automatic),Fiber optic,Yes,No,Yes,0,Yes
3898-KCKLA,Male,70,34,51.74,1755.25,Month-to-month,Electronic check,DSL,No,No,Yes,1,Yes
4909-AMOYB,Male,59,57,60.31,3440.08,Two year,Mailed check,DSL,No,No,No,0,No
8352-VUINI,Female,58,61,24.1,1474.58,Month-to-month,Bank transfer (automatic),No,No internet service,No internet service,Yes,0,Yes
4420-GCZQY,Male,45,62,18.9,1175.63,Two year,Mailed check,No,No internet service,No internet service,No,0,No
8903-YRLTG,Female,78,58,52.55,3044.95,Month-to-month,Credit card (automatic),DSL,No,Yes,No,0,Yes
5713-KVFVN,Female,20,37,88.8,3288.52,One year,Electronic check,Fiber optic,No,No,No,0,No
3970-DZUWO,Male,79,64,71.13,4557.04,Month-to-month,Electronic check,DSL,No,No,Yes,1,Yes
3477-XNXHY,Female,33,36,54.42,1959.88,Month-to-month,Electronic check,DSL,Yes,Yes,Yes,0,Yes
7767-IQCJK,Female,24,14,67.5,943.77,Month-to-month,Mailed check,DSL,No,No,Yes,0,No
7495-VLEEV,Male,22,28,48.45,1353.8,Month-to-month,Mailed check,DSL,No,Yes,No,1,Yes
6767-MTLIZ,Female,62,46,107.05,4925.29,Month-to-month,Bank transfer (automatic),Fiber optic,No,Yes,Yes,0,No
9342-YFTSF,Female,64,61,67.38,4107.59,Month-to-month,Bank transfer (automatic),DSL,Yes,Yes,Yes,0,No
7250-UDAAF,Female,22,68,94.54,6427.36,Two year,Electronic check,Fiber optic,No,No,Yes,0,No
7340-PVGLA,Male,61,48,72.18,3468.42,Month-to-month,Mailed check,DSL,No,Yes,Yes,0,No
4893-WCHBL,Male,48,71,71.04,5042.9,Two year,Electronic check,DSL,No,No,Yes,0,No
9967-QSKCP,Female,33,48,93.93,4505.61,Month-to-month,Credit card (automatic),Fiber optic,No,Yes,No,0,No
6577-MXXIB,Female,18,12,83.02,1000.72,Two year,Electronic check,Fiber optic,No,Yes,Yes,0,No
7493-PWUWB,Male,71,23,105.32,2425.3,One year,Electronic check,Fiber optic,No,Yes,No,1,Yes
9898-VPCTL,Female,73,46,88.18,4051.75,Month-to-month,Electronic check,Fiber optic,No,No,Yes,1,Yes
2355-DUXBK,Male,49,43,94.42,4059.99,One year,Bank transfer (automatic),Fiber optic,No,No,Yes,0,No
9756-YLYDU,Male,49,36,41.37,1486.15,Two year,Mailed check,DSL,No,Yes,Yes,0,No
7838-GQOBL,Female,75,12,72.91,876.72,One year,Electronic check,Fiber optic,No,No,Yes,1,Yes
7682-LJYAJ,Male,76,66,41.75,2753.15,Two year,Mailed check,DSL,Yes,No,Yes,1,No
5286-XDOJM,Male,44,10,82.93,827.12,Month-to-month,Bank transfer (automatic),Fiber optic,No,Yes,No,0,Yes
6496-BEGYG,Female,36,4,102.92,416.05,One year,Electronic check,Fiber optic,No,Yes,No,0,Yes
4329-PNNOG,Male,24,25,20.75,515.14,Month-to-month,Electronic check,No,No internet service,No internet service,Yes,0,Yes
3258-RFRUJ,Female,28,70,109.57,7669.45,Two year,Credit card (automatic),Fiber optic,No,No,No,0,No
9338-WHADJ,Female,66,52,22.23,1158.01,Month-to-month,Electronic check,No,No internet service,No internet service,Yes,1,Yes
9809-JHUGW,Male,36,36,48.71,1755.27,Month-to-month,Bank transfer (automatic),DSL,Yes,No,No,0,Yes
6942-HVBSP,Male,42,48,82.66,3967.72,Month-to-month,Electronic check,Fiber optic,No,Yes,No,0,No
8912-FCVTE,Female,57,56,109.01,6105.17,Two year,Bank transfer (automatic),Fiber optic,No,No,Yes,0,No
5305-VCXJB,Male,74,50,103.03,5156.3,Two year,Electronic check,Fiber optic,No,No,Yes,0,Yes
9966-KXQHE,Male,31,53,111.41,5902.21,Month-to-month,Electronic check,Fiber optic,Yes,Yes,No,0,No
2466-RWNYC,Female,56,23,88.36,2028.01,Two year,Mailed check,Fiber optic,Yes,No,Yes,0,No
5379-OOTFC,Female,26,63,75.96,4785.06,Month-to-month,Electronic check,Fiber optic,No,Yes,Yes,0,No
9910-MCCOM,Female,56,60,19.53,1169.16,Month-to-month,Mailed check,No,No internet service,No internet service,Yes,0,No
4029-QUJMR,Male,67,42,90.1,3780.72,Month-to-month,Mailed check,Fiber optic,No,Yes,No,0,No
2977-BZZED,Male,76,18,48.22,872.17,Month-to-month,Electronic check,DSL,No,Yes,Yes,1,Yes
8266-ORIYT,Female,62,52,53.86,2802.76,One year,Credit card (automatic),DSL,Yes,Yes,No,0,No
4351-KXQXF,Female,34,25,61.63,1537.97,Month-to-month,Mailed check,DSL,Yes,No,No,0,Yes
5223-DPSBR,Female,18,16,22.9,366.05,Month-to-month,Bank transfer (automatic),No,No internet service,No internet service,Yes,0,No
2453-NUQDQ,Female,43,56,114.27,6399.2,One year,Credit card (automatic),Fiber optic,No,No,Yes,0,No
7093-DFHYO,Female,31,49,55.49,2714.07,Month-to-month,Electronic check,DSL,No,Yes,No,0,Yes
5253-WSSTV,Female,68,60,51.05,3062.66,One year,Bank transfer (automatic),DSL,Yes,Yes,No,1,No
4511-CHOWX,Female,58,15,57.77,869.13,Month-to-month,Electronic check,DSL,No,No,Yes,0,Yes
8935-NZKOD,Female,72,12,19.46,231.48,Month-to-month,Bank transfer (automatic),No,No internet service,No internet service,No,1,No
9462-QBSUN,Male,62,53,69.18,3668.06,Month-to-month,Mailed check,DSL,Yes,No,No,1,Yes
5942-PIAYC,Female,35,39,105.79,4121.77,Month-to-month,Bank transfer (automatic),Fiber optic,Yes,No,Yes,0,Yes
8517-XYOAG,Male,30,25,61.72,1542.86,Month-to-month,Electronic check,DSL,No,No,Yes,0,Yes
7306-LSPBQ,Male,80,5,66.63,329.25,One year,Bank transfer (automatic),DSL,Yes,No,No,1,No
8725-LTJAE,Male,40,11,66.02,722.82,One year,Bank transfer (automatic),DSL,Yes,No,Yes,0,Yes
3480-HQOBQ,Female,70,5,118.17,587.7,One year,Credit card (automatic),Fiber optic,No,Yes,Yes,1,No
7530-QZLAK,Female,72,51,24.15,1234.37,One year,Electronic check,No,No internet service,No internet service,Yes,1,No
4451-KKNUJ,Male,80,60,48.32,2900.98,Month-to-month,Electronic check,DSL,Yes,No,Yes,1,Yes
6751-PBHVA,Male,30,42,59.65,2507.65,Month-to-month,Bank transfer (automatic),DSL,No,Yes,Yes,0,No
2585-KYJOC,Male,40,32,20.3,647.08,Month-to-month,Electronic check,No,No internet service,No internet service,No,1,No
7317-ASQLR,Male,29,71,106.66,7576.25,Month-to-month,Bank transfer (automatic),Fiber optic,No,No,Yes,0,Yes
9601-HLGTM,Female,58,41,69.72,2861.14,Two year,Credit card (automatic),DSL,Yes,No,No,0,No
4278-TTZOO,Male,57,4,74.86,302.54,Month-to-month,Credit card (automatic),DSL,No,Yes,Yes,0,Yes
8542-LRKEZ,Female,71,35,89.96,3149.97,One year,Mailed check,Fiber optic,Yes,Yes,No,1,No
8188-OOGMB,Male,74,6,54.12,322.86,Month-to-month,Bank transfer (automatic),DSL,No,No,Yes,1,Yes
6147-VYDKU,Female,46,42,85.03,3569.82,Month-to-month,Credit card (automatic),Fiber optic,Yes,No,No,0,No
7379-VKODP,Female,79,63,113.47,7145.98,Two year,Electronic check,Fiber optic,Yes,No,Yes,0,No
5403-FNROG,Female,21,48,41.29,1979.42,Month-to-month,Bank transfer (automatic),DSL,No,Yes,Yes,0,No
5109-JZZRC,Female,72,50,116.75,5833.97,Two year,Bank transfer (automatic),Fiber optic,No,Yes,No,1,No
9258-UZXWK,Male,39,34,19.19,655.34,Month-to-month,Bank transfer (automatic),No,No internet service,No internet service,No,1,No
9100-WSQUA,Male,22,28,77.87,2181.21,Month-to-month,Bank transfer (automatic),Fiber optic,No,No,No,0,Yes
5377-AHWPF,Female,50,9,67.07,601.57,One year,Electronic check,DSL,No,No,Yes,0,No
9762-WEJIC,Female,25,57,115.48,6585.67,Two year,Electronic check,Fiber optic,No,Yes,Yes,0,Yes
2404-NMKEC,Female,67,38,99.26,3771.89,Month-to-month,Mailed check,Fiber optic,Yes,Yes,Yes,1,Yes
8382-JIYFA,Male,38,63,51.82,3260.5,Month-to-month,Bank transfer (automatic),DSL,No,No,Yes,0,Yes
6220-HXGZI,Female,54,27,91.03,2461.62,One year,Bank transfer (automatic),Fiber optic,No,No,Yes,0,Yes
4200-KKACX,Male,40,26,82.78,2153.18,Month-to-month,Electronic check,Fiber optic,No,No,No,0,Yes
3931-AVANZ,Male,62,37,90.49,3350.39,Month-to-month,Bank transfer (automatic),Fiber optic,No,Yes,No,0,No
3552-CFIDR,Male,77,61,53.11,3242.75,Month-to-month,Credit card (automatic),DSL,No,No,Yes,1,No
7049-JFLWN,Female,75,61,56.97,3479.42,Two year,Electronic check,DSL,No,Yes,Yes,0,No
1949-GKPBS,Female,58,66,19.8,1303.54,Month-to-month,Bank transfer (automatic),No,No internet service,No internet service,Yes,0,Yes
2509-VYDMR,Female,79,70,83.64,5858.24,Month-to-month,Mailed check,Fiber optic,Yes,No,No,1,Yes
3086-IEEKM,Male,50,52,19.86,1030.5,Month-to-month,Credit card (automatic),No,No internet service,No internet service,Yes,0,No
9923-VIAMQ,Female,40,61,23.22,1414.55,Month-to-month,Electronic check,No,No internet service,No internet service,No,0,No
8402-OCVXN,Female,39,33,70.24,2322.41,Month-to-month,Electronic check,Fiber optic,No,Yes,Yes,0,Yes
5863-ROVBT,Female,42,45,18.78,847.78,Month-to-month,Electronic check,No,No internet service,No internet service,No,0,Yes
3857-JIRDX,Female,35,31,69.56,2151.66,Month-to-month,Mailed check,DSL,No,Yes,Yes,0,Yes
2407-RTXYF,Female,41,8,57.31,454.37,One year,Electronic check,DSL,Yes,No,Yes,0,Yes
3009-QQKOD,Male,22,41,104.84,4298.44,Two year,Mailed check,Fiber optic,No,Yes,No,0,No
5131-LOIZK,Male,41,47,101.59,4777.2,One year,Electronic check,Fiber optic,No,No,Yes,0,No
1364-HQCJD,Male,44,64,24.03,1535.97,One year,Mailed check,No,No internet service,No internet service,Yes,0,No
3450-XQMVS,Female,59,30,24.55,733.04,Two year,Mailed check,No,No internet service,No internet service,No,0,No
7468-WFENP,Male,60,18,54.37,979.82,Two year,Electronic check,DSL,No,No,Yes,0,No
3621-RWWCU,Male,59,5,60.35,297.57,Two year,Credit card (automatic),DSL,Yes,No,No,0,No
3226-BLBDL,Female,40,70,64.26,4500.41,Two year,Mailed check,DSL,Yes,Yes,Yes,0,No
5854-OKPTB,Male,63,51,67.36,3433.41,Month-to-month,Mailed check,DSL,No,Yes,No,0,No
2983-ESZCA,Male,75,15,19.35,293.27,Month-to-month,Mailed check,No,No internet service,No internet service,Yes,1,No
6204-AEBWO,Female,26,22,85.52,1876.91,Two year,Bank transfer (automatic),Fiber optic,Yes,No,Yes,0,No
8226-EAKRL,Female,56,58,41.31,2391.86,Month-to-month,Mailed check,DSL,No,No,Yes,0,No
8866-OGEHJ,Male,32,28,42.51,1192.12,Two year,Electronic check,DSL,No,No,No,0,No
1548-NXZQM,Male,38,66,108.75,7181.28,One year,Mailed check,Fiber optic,Yes,No,No,0,No
3126-QUYAL,Female,44,28,19.73,549.63,Month-to-month,Electronic check,No,No internet service,No internet service,No,0,Yes
8269-MUZTY,Male,22,14,23.99,337.68,Month-to-month,Credit card (automatic),No,No internet service,No internet service,No,0,Yes
7723-YOMGA,Male,58,55,18.61,1023.21,Month-to-month,Credit card (automatic),No,No internet service,No internet service,Yes,0,No
4614-JSOYP,Female,27,54,98.39,5314.82,Month-to-month,Electronic check,Fiber optic,Yes,No,Yes,0,No
2863-XXQMF,Male,64,18,112.07,2021.12,Month-to-month,Bank transfer (automatic),Fiber optic,No,No,Yes,0,Yes
2817-TJORJ,Female,53,62,49.95,3098.0,One year,Credit card (automatic),DSL,No,Yes,Yes,0,No
3583-WPDXQ,Male,44,39,57.9,2262.48,Two year,Mailed check,DSL,Yes,No,Yes,0,No
7292-LQTKP,Female,31,13,70.07,912.73,One year,Bank transfer (automatic),DSL,No,No,Yes,0,No
3312-TLUAE,Female,41,27,22.32,599.29,Month-to-month,Electronic check,No,No internet service,No internet service,No,0,Yes
9965-BSVSQ,Female,46,66,82.22,5421.77,Month-to-month,Electronic check,Fiber optic,No,No,Yes,0,Yes
2762-ZZRFD,Male,23,36,58.73,2119.01,Month-to-month,Mailed check,DSL,No,No,Yes,0,No
3435-BNIGJ,Male,56,45,115.54,5202.52,Two year,Mailed check,Fiber optic,Yes,No,No,0,No
2736-XJXIS,Male,29,41,80.11,3285.35,One year,Electronic check,Fiber optic,No,No,No,0,Yes
3350-KCZWH,Female,45,35,103.09,3608.84,Two year,Electronic check,Fiber optic,No,Yes,No,0,No
1477-EETES,Male,52,10,81.73,820.24,Month-to-month,Mailed check,Fiber optic,No,No,No,0,Yes
7786-KFLDF,Male,52,67,97.84,6553.7,Month-to-month,Credit card (automatic),Fiber optic,No,Yes,No,0,No
8609-MBPFZ,Female,66,16,47.79,765.21,Month-to-month,Electronic check,DSL,No,No,No,1,No
7547-XZMLJ,Female,68,6,22.85,138.99,Two year,Mailed check,No,No internet service,No internet service,Yes,1,No
5911-ZDQRX,Male,23,4,52.96,213.43,Month-to-month,Electronic check,DSL,No,Yes,No,0,No
3087-QHFIH,Female,61,50,42.3,2113.8,Two year,Credit card (automatic),DSL,Yes,Yes,No,0,No
8999-UXPAL,Male,29,23,74.61,1714.41,Month-to-month,Credit card (automatic),Fiber optic,No,No,No,0,Yes
3887-EGLRI,Female,18,3,64.46,191.56,Two year,Credit card (automatic),DSL,Yes,Yes,No,0,No
5063-EDVGW,Female,56,50,105.94,5297.45,Two year,Electronic check,Fiber optic,No,Yes,No,0,No
8476-NFRAF,Female,64,44,99.47,4373.36,Month-to-month,Bank transfer (automatic),Fiber optic,Yes,No,Yes,0,Yes
5947-QRYRY,Female,30,62,92.14,5714.06,Month-to-month,Bank transfer (automatic),Fiber optic,No,No,Yes,0,Yes
9316-LRQJB,Female,40,6,49.2,290.47,Month-to-month,Bank transfer (automatic),DSL,No,No,No,0,No
9822-OUBQK,Female,27,1,24.52,24.52,One year,Electronic check,No,No internet service,No internet service,Yes,0,No
4408-EEICI,Male,50,24,41.92,1001.68,Month-to-month,Credit card (automatic),DSL,No,No,No,0,Yes
8956-UOEFS,Male,28,5,87.55,434.61,Month-to-month,Credit card (automatic),Fiber optic,No,Yes,No,0,Yes
9920-QDPIU,Female,25,70,76.36,5346.12,Month-to-month,Electronic check,Fiber optic,No,No,Yes,1,Yes
2725-FHHCP,Male,45,12,59.9,718.75,Month-to-month,Credit card (automatic),DSL,No,Yes,Yes,1,No
7660-VHGXN,Male,80,29,19.09,557.64,Month-to-month,Mailed check,No,No internet service,No internet service,Yes,1,No
1881-MGPAS,Female,57,41,75.1,3074.86,Month-to-month,Bank transfer (automatic),Fiber optic,Yes,Yes,No,0,Yes
6091-JUNVC,Male,42,36,19.62,703.16,Month-to-month,Mailed check,No,No internet service,No internet service,Yes,0,Yes
7891-AGBRV,Female,25,34,42.65,1446.22,Two year,Mailed check,DSL,No,No,Yes,0,No
7208-BJGPB,Female,39,8,52.72,421.07,Two year,Electronic check,DSL,No,No,No,0,No
4039-OLYSW,Female,61,60,94.64,5678.5,Two year,Credit card (automatic),Fiber optic,Yes,No,No,0,No
6258-WJERX,Female,42,40,21.46,858.57,Month-to-month,Credit card (automatic),No,No internet service,No internet service,No,0,No
3001-NLJXP,Male,32,49,93.36,4577.11,Month-to-month,Electronic check,Fiber optic,No,No,No,0,Yes
2833-XOTXU,Male,23,52,59.51,3095.81,Month-to-month,Mailed check,DSL,No,No,No,0,Yes
1527-ZEUGC,Female,56,34,94.42,3214.31,Month-to-month,Electronic check,Fiber optic,No,No,Yes,0,Yes
9095-JDTEA,Male,57,32,104.35,3340.14,One year,Bank transfer (automatic),Fiber optic,No,No,No,0,No
2757-VLOXI,Male,69,2,111.66,228.06,Month-to-month,Bank transfer (automatic),Fiber optic,No,No,No,1,No
7203-DZYBM,Female,28,24,75.47,1811.25,One year,Credit card (automatic),Fiber optic,No,No,Yes,0,No
2908-CLMXT,Female,30,16,18.76,301.7,Two year,Bank transfer (automatic),No,No internet service,No internet service,Yes,0,No
3938-LVFMI,Male,57,52,67.82,3526.27,Month-to-month,Credit card (automatic),DSL,No,Yes,No,0,Yes
1621-YKNHF,Female,34,59,94.65,5587.98,Two year,Bank transfer (automatic),Fiber optic,No,Yes,No,0,No
6739-AGTLK,Male,39,53,95.23,5045.56,Month-to-month,Mailed check,Fiber optic,No,No,Yes,0,Yes
6520-KMKYM,Male,41,8,48.93,388.17,Month-to-month,Mailed check,DSL,No,No,Yes,0,Yes
4946-MCCKQ,Male,78,10,49.29,495.51,Month-to-month,Electronic check,DSL,No,No,Yes,1,Yes
1662-WLTND,Male,48,58,55.9,3242.41,Month-to-month,Electronic check,DSL,No,No,No,0,No
3144-OLMFU,Male,22,33,84.28,2783.16,Month-to-month,Mailed check,Fiber optic,No,No,Yes,0,Yes
4066-YPBIN,Female,77,29,23.41,682.81,Month-to-month,Electronic check,No,No internet service,No internet service,Yes,1,No
4817-URLGZ,Male,52,43,105.18,4522.65,Month-to-month,Electronic check,Fiber optic,No,Yes,No,0,Yes
6398-AHMRC,Male,18,30,62.35,1875.1,One year,Electronic check,DSL,No,No,No,0,No
8006-SYKTA,Male,54,65,65.51,4259.04,Month-to-month,Electronic check,DSL,Yes,Yes,Yes,0,Yes
